<?xml version="1.0" encoding="UTF-8"?>

<ValueSet xmlns="http://hl7.org/fhir">
  <id value="ckd-valueset-egfr"/>
  <text>
    <status value="generated"/><div xmlns="http://www.w3.org/1999/xhtml"><p class="res-header-id"><b>Generated Narrative: ValueSet ckd-valueset-egfr</b></p><a name="ckd-valueset-egfr"> </a><a name="hcckd-valueset-egfr"> </a><a name="ckd-valueset-egfr-en-US"> </a><ul><li>Include these codes as defined in <a href="http://loinc.org"><code>http://loinc.org</code></a><table class="none"><tr><td style="white-space:nowrap"><b>Code</b></td><td><b>Display</b></td></tr><tr><td><a href="https://loinc.org/76633-7/">76633-7</a></td><td style="color: #cccccc">Glomerular filtration rate/1.73 sq M.predicted by Creatinine-based formula (MDRD) in Blood</td></tr><tr><td><a href="https://loinc.org/33914-3/">33914-3</a></td><td style="color: #cccccc">Glomerular filtration rate/1.73 sq M.predicted [Volume Rate/Area] in Serum or Plasma by Creatinine-based formula (MDRD)</td></tr><tr><td><a href="https://loinc.org/77147-7/">77147-7</a></td><td style="color: #cccccc">Glomerular filtration rate/1.73 sq M.predicted [Volume Rate/Area] in Serum, Plasma or Blood by Creatinine-based formula (MDRD)</td></tr><tr><td><a href="https://loinc.org/69405-9/">69405-9</a></td><td style="color: #cccccc">Glomerular filtration rate/1.73 sq M.predicted [Volume Rate/Area] in Serum, Plasma or Blood</td></tr></table></li></ul></div>
  </text>
  <extension url="http://hl7.org/fhir/StructureDefinition/cqf-knowledgeCapability">
    <valueCode value="shareable"/>
  </extension>
  <extension url="http://hl7.org/fhir/StructureDefinition/cqf-knowledgeCapability">
    <valueCode value="computable"/>
  </extension>
  <extension url="http://hl7.org/fhir/StructureDefinition/cqf-knowledgeCapability">
    <valueCode value="publishable"/>
  </extension>
  <extension url="http://hl7.org/fhir/StructureDefinition/cqf-knowledgeRepresentationLevel">
    <valueCode value="structured"/>
  </extension>
  <url value="http://fhir.org/fhir/uv/cpg/ckd/ValueSet/ckd-valueset-egfr"/>
  <version value="1.0.0"/>
  <name value="EGFRLabResults"/>
  <title value="eGFR Lab Results ValueSet"/>
  <status value="active"/>
  <experimental value="true"/>
  <date value="2024-11-18T18:15:24+00:00"/>
  <publisher value="HL7 International - Clinical Decision Support WG"/>
  <contact>
    <name value="HL7 International - Clinical Decision Support WG"/>
    <telecom>
      <system value="url"/>
      <value value="http://www.hl7.org/Special/committees/dss/index.cfm"/>
    </telecom>
  </contact>
  <description value="eGFR Lab Results"/>
  <jurisdiction>
    <coding>
      <system value="http://unstats.un.org/unsd/methods/m49/m49.htm"/>
      <code value="001"/>
      <display value="World"/>
    </coding>
  </jurisdiction>
  <copyright value="This material contains content from LOINC (http://loinc.org). LOINC is copyright © 1995-2020, Regenstrief Institute, Inc. and the Logical Observation Identifiers Names and Codes (LOINC) Committee and is available at no cost under the license at http://loinc.org/license. LOINC® is a registered United States trademark of Regenstrief Institute, Inc"/>
  <compose>
    <include>
      <system value="http://loinc.org"/>
      <concept>
        <code value="76633-7"/>
      </concept>
      <concept>
        <code value="33914-3"/>
      </concept>
      <concept>
        <code value="77147-7"/>
      </concept>
      <concept>
        <code value="69405-9"/>
      </concept>
    </include>
  </compose>
</ValueSet>