<?xml version="1.0" encoding="UTF-8"?><ActivityDefinition xmlns="http://hl7.org/fhir"><id value="ckd-risk-renal-lab-order"/><meta><profile value="http://hl7.org/fhir/uv/cpg/StructureDefinition/cpg-computableactivity"/></meta><extension url="http://hl7.org/fhir/StructureDefinition/cqf-knowledgeCapability"><valueCode value="shareable"/></extension><extension url="http://hl7.org/fhir/StructureDefinition/cqf-knowledgeCapability"><valueCode value="computable"/></extension><extension url="http://hl7.org/fhir/StructureDefinition/cqf-knowledgeCapability"><valueCode value="publishable"/></extension><extension url="http://hl7.org/fhir/StructureDefinition/cqf-knowledgeRepresentationLevel"><valueCode value="structured"/></extension><url value="http://hl7.org/fhir/uv/cpg/ckd/ActivityDefinition/ckd-risk-renal-lab-order"/><version value="1.0.0"/><name value="OrderRenalLabPanel"/><title value="Order Renal Lab Panel Activity Definition"/><status value="active"/><experimental value="true"/><date value="2024-11-18T18:15:24+00:00"/><publisher value="HL7 International - Clinical Decision Support WG"/><contact><name value="HL7 International - Clinical Decision Support WG"/><telecom><system value="url"/><value value="http://www.hl7.org/Special/committees/dss/index.cfm"/></telecom></contact><description value="Create ServiceRequest to order Renal lab panel."/><jurisdiction><coding><system value="http://unstats.un.org/unsd/methods/m49/m49.htm"/><code value="001"/><display value="World"/></coding></jurisdiction><library value="http://hl7.org/fhir/uv/cpg/ckd/Library/CKDRiskLogic"/><kind value="ServiceRequest"/><code><coding><system value="http://loinc.org"/><code value="24362-6"/><display value="Renal function 2000 panel - Serum or Plasma"/></coding></code><participant><type value="practitioner"/></participant><dynamicValue><path value="reasonReference"/><expression><language value="text/cql"/><expression value="CKD or Diabetes Dx"/></expression></dynamicValue></ActivityDefinition>