<?xml version="1.0" encoding="UTF-8"?><ActivityDefinition xmlns="http://hl7.org/fhir"><id value="cc-cpg-activity-referral-dietition"/><meta><profile value="http://hl7.org/fhir/uv/cpg/StructureDefinition/cpg-computableactivity"/></meta><extension url="http://hl7.org/fhir/StructureDefinition/cqf-knowledgeCapability"><valueCode value="shareable"/></extension><extension url="http://hl7.org/fhir/StructureDefinition/cqf-knowledgeCapability"><valueCode value="computable"/></extension><extension url="http://hl7.org/fhir/StructureDefinition/cqf-knowledgeCapability"><valueCode value="publishable"/></extension><extension url="http://hl7.org/fhir/StructureDefinition/cqf-knowledgeRepresentationLevel"><valueCode value="structured"/></extension><url value="http://cqframework.org/cpg-example-ckd/ActivityDefinition/cc-cpg-activity-referral-dietition"/><version value="1.0.0"/><name value="ReferralDietitian"/><title value="Referral: Dietitian; History: chronic kidney disease; Question: [add reason for referral]"/><status value="active"/><experimental value="true"/><date value="2024-11-18T18:20:09+00:00"/><publisher value="HL7 International - Clinical Decision Support WG"/><contact><name value="HL7 International - Clinical Decision Support WG"/><telecom><system value="url"/><value value="http://www.hl7.org/Special/committees/dss/index.cfm"/></telecom></contact><description value="Referral: Dietitian; History: chronic kidney disease; Question: [add reason for referral]"/><jurisdiction><coding><system value="http://unstats.un.org/unsd/methods/m49/m49.htm"/><code value="001"/><display value="World"/></coding></jurisdiction><kind value="ServiceRequest"/><code><coding><system value="http://snomed.info/sct"/><code value="103699006"/><display value="Referral to dietitian (procedure)"/></coding><text value="Referral to dietitian"/></code><timingTiming><event><extension url="http://hl7.org/fhir/StructureDefinition/cqf-expression"><valueExpression><language value="text/cql"/><expression value="Now()"/></valueExpression></extension></event></timingTiming><participant><type value="practitioner"/></participant></ActivityDefinition>