<?xml version="1.0" encoding="UTF-8"?><ActivityDefinition xmlns="http://hl7.org/fhir"><id value="cc-cpg-activity-ultrasound-renal"/><meta><profile value="http://hl7.org/fhir/uv/cpg/StructureDefinition/cpg-computableactivity"/></meta><extension url="http://hl7.org/fhir/StructureDefinition/cqf-knowledgeCapability"><valueCode value="shareable"/></extension><extension url="http://hl7.org/fhir/StructureDefinition/cqf-knowledgeCapability"><valueCode value="computable"/></extension><extension url="http://hl7.org/fhir/StructureDefinition/cqf-knowledgeCapability"><valueCode value="publishable"/></extension><extension url="http://hl7.org/fhir/StructureDefinition/cqf-knowledgeRepresentationLevel"><valueCode value="structured"/></extension><url value="http://cqframework.org/cpg-example-ckd/ActivityDefinition/cc-cpg-activity-ultrasound-renal"/><version value="1.0.0"/><name value="UltrasoundRenalHistory"/><title value="Ultrasound, Renal; History: [add diagnosis, symptom(s)]; Question: [add reason for exam]"/><status value="active"/><experimental value="true"/><date value="2024-11-18T18:20:09+00:00"/><publisher value="HL7 International - Clinical Decision Support WG"/><contact><name value="HL7 International - Clinical Decision Support WG"/><telecom><system value="url"/><value value="http://www.hl7.org/Special/committees/dss/index.cfm"/></telecom></contact><description value="Ultrasound, Renal; History: [add diagnosis, symptom(s)]; Question: [add reason for exam]"/><jurisdiction><coding><system value="http://unstats.un.org/unsd/methods/m49/m49.htm"/><code value="001"/><display value="World"/></coding></jurisdiction><relatedArtifact><type value="justification"/><display value="Renal ultrasonography&#xA;&#xA;&#xA;&#x9;Perform ultrasonography to detect structural abnormalities when routine evaluation and urinalysis are inconclusive or to distinguish between acute and chronic kidney disease&#xA;&#xA;&#xA;&#xA;&#x9;Small hyperechoic kidneys, cysts, or lesions are irregularities associated with chronic kidney disease&#xA;&#xA;&#xA;&#xA;&#x9;Ultrasonography will also detect presence of stones, cysts, or masses that can affect renal function&#xA;&#xA;&#xA;&#xA;&#x9;Diagnosis of chronic kidney disease requires abnormalities persisting beyond 3 months&#xA;&#xA;&#xA;&amp;nbsp;&#xA;&#xA;Differential Diagnosis&#xA;&#xA;&#xA;&#x9;Renal artery stenosis&#xA;&#x9;&#xA;&#x9;&#x9;Narrowing of the renal arteries resulting in loss of kidney function and blood pressure alteration&#xA;&#x9;&#x9;Both renal artery stenosis and chronic kidney disease present with hypertension and reduced GFR&#xA;&#x9;&#x9;Although also a cause of chronic kidney disease, renal artery stenosis (usually from atherosclerosis) is present before the development of kidney disease&#xA;&#x9;&#x9;Renal bruit is indicative of renal artery stenosis&#xA;&#x9;&#x9;Duplex ultrasonography can identify blockage in the renal artery and high velocity flow rate, indicative of renal artery stenosis&#xA;&#x9;&#xA;&#x9;&#xA;&#xA;&#xA;&#xA;&#x9;Neoplasm&#xA;&#x9;&#xA;&#x9;&#x9;Neoplasm of the kidney is a tumor growth in the renal cells&#xA;&#x9;&#x9;Both diseases present with RBCs in urine&#xA;&#x9;&#x9;Neoplasia can be differentiated by detecting tumor mass on kidney&#xA;&#x9;&#x9;Contrast-enhanced CT scanning or ultrasonography can identify renal neoplasias, which can then be further evaluated with MRI"/><citation value="Chronic Kidney Disease Clinical Overview. ClinicalKey. Source"/><url value="http://himss19.ordersetsmanager.com/evidenceviewer/#/7CBBBE9B75E10232E05352E3610A5325/7CBBBE9B75D50232E05352E3610A5325"/><document><url value="http://himss19.ordersetsmanager.com/evidenceviewer/#/7CBBBE9B75E10232E05352E3610A5325/7CBBBE9B75D50232E05352E3610A5325"/></document></relatedArtifact><kind value="ServiceRequest"/><code><coding><system value="http://snomed.info/sct"/><code value="13301000087109"/><display value="Ultrasonography of bilateral kidneys (procedure)"/></coding><text value="Ultrasound of bilateral kidneys"/></code><timingTiming><event><extension url="http://hl7.org/fhir/StructureDefinition/cqf-expression"><valueExpression><language value="text/cql"/><expression value="Now()"/></valueExpression></extension></event></timingTiming><participant><type value="practitioner"/></participant></ActivityDefinition>