<?xml version="1.0" encoding="UTF-8"?><ActivityDefinition xmlns="http://hl7.org/fhir"><id value="cc-cpg-activity-lab-creatinine"/><meta><profile value="http://hl7.org/fhir/uv/cpg/StructureDefinition/cpg-computableactivity"/></meta><extension url="http://hl7.org/fhir/StructureDefinition/cqf-knowledgeCapability"><valueCode value="shareable"/></extension><extension url="http://hl7.org/fhir/StructureDefinition/cqf-knowledgeCapability"><valueCode value="computable"/></extension><extension url="http://hl7.org/fhir/StructureDefinition/cqf-knowledgeCapability"><valueCode value="publishable"/></extension><extension url="http://hl7.org/fhir/StructureDefinition/cqf-knowledgeRepresentationLevel"><valueCode value="structured"/></extension><url value="http://hl7.org/fhir/uv/cpg/ckd/ActivityDefinition/cc-cpg-activity-lab-creatinine"/><version value="1.0.0"/><name value="LabCreatinineUrineRandom"/><title value="Lab: Creatinine, Urine Random, Once"/><status value="active"/><experimental value="true"/><date value="2024-11-18T18:15:24+00:00"/><publisher value="HL7 International - Clinical Decision Support WG"/><contact><name value="HL7 International - Clinical Decision Support WG"/><telecom><system value="url"/><value value="http://www.hl7.org/Special/committees/dss/index.cfm"/></telecom></contact><description value="Lab: Creatinine, Urine Random, Once"/><jurisdiction><coding><system value="http://unstats.un.org/unsd/methods/m49/m49.htm"/><code value="001"/><display value="World"/></coding></jurisdiction><kind value="ServiceRequest"/><code><coding><system value="http://loinc.org"/><code value="2161-8"/><display value="Creatinine [Mass/volume] in Urine"/></coding></code><timingTiming><event><extension url="http://hl7.org/fhir/StructureDefinition/cqf-expression"><valueExpression><language value="text/cql"/><expression value="Now()"/></valueExpression></extension></event></timingTiming><participant><type value="practitioner"/></participant></ActivityDefinition>