<?xml version="1.0" encoding="UTF-8"?><ActivityDefinition xmlns="http://hl7.org/fhir"><id value="cc-cpg-activity-edu-renal-diet"/><meta><profile value="http://hl7.org/fhir/uv/cpg/StructureDefinition/cpg-computableactivity"/></meta><extension url="http://hl7.org/fhir/StructureDefinition/cqf-knowledgeCapability"><valueCode value="shareable"/></extension><extension url="http://hl7.org/fhir/StructureDefinition/cqf-knowledgeCapability"><valueCode value="computable"/></extension><extension url="http://hl7.org/fhir/StructureDefinition/cqf-knowledgeCapability"><valueCode value="publishable"/></extension><extension url="http://hl7.org/fhir/StructureDefinition/cqf-knowledgeRepresentationLevel"><valueCode value="structured"/></extension><url value="http://hl7.org/fhir/uv/cpg/ckd/ActivityDefinition/cc-cpg-activity-edu-renal-diet"/><version value="1.0.0"/><name value="EducationRenalDiet"/><title value="Patient education: Renal diet"/><status value="active"/><experimental value="true"/><date value="2024-11-18T18:15:24+00:00"/><publisher value="HL7 International - Clinical Decision Support WG"/><contact><name value="HL7 International - Clinical Decision Support WG"/><telecom><system value="url"/><value value="http://www.hl7.org/Special/committees/dss/index.cfm"/></telecom></contact><description value="Patient education: Renal diet"/><jurisdiction><coding><system value="http://unstats.un.org/unsd/methods/m49/m49.htm"/><code value="001"/><display value="World"/></coding></jurisdiction><relatedArtifact><type value="justification"/><display value="Renal Diet&#xA;&#xA;&#xA;&#x9;Decrease protein and salt intake&#xA;&#xA;&#xA;&#xA;&#x9;Limit protein intake to 0.8 g/kg/day in adults with or without diabetes with GFR less than 30 mL/minute/1.73 m&amp;sup2;&#xA;&#xA;&#xA;&#xA;&#x9;Avoid high protein intake (greater than 1.3 g/kg/day) in adults at risk for chronic kidney disease progression&#xA;&#xA;&#xA;&#xA;&#x9;Limit salt intake to less than 2 g per day in adults"/><citation value="Chronic Kidney Disease Clinical Overview. ClinicalKey. Source"/><url value="http://himss19.ordersetsmanager.com/evidenceviewer/#/7CBBBE9B75E10232E05352E3610A5325/7CBBBE9B75F20232E05352E3610A5325"/><document><url value="http://himss19.ordersetsmanager.com/evidenceviewer/#/7CBBBE9B75E10232E05352E3610A5325/7CBBBE9B75F20232E05352E3610A5325"/></document></relatedArtifact><kind value="ServiceRequest"/><code><coding><system value="http://snomed.info/sct"/><code value="11816003"/><display value="Diet education (procedure)"/></coding><text value="Diet education"/></code></ActivityDefinition>