<?xml version="1.0" encoding="UTF-8"?><PlanDefinition xmlns="http://hl7.org/fhir"><id value="ckd-risk-screening"/><meta><profile value="http://hl7.org/fhir/uv/cpg/StructureDefinition/cpg-recommendationdefinition"/></meta><extension url="http://hl7.org/fhir/StructureDefinition/cqf-knowledgeCapability"><valueCode value="shareable"/></extension><extension url="http://hl7.org/fhir/StructureDefinition/cqf-knowledgeCapability"><valueCode value="computable"/></extension><extension url="http://hl7.org/fhir/StructureDefinition/cqf-knowledgeCapability"><valueCode value="publishable"/></extension><extension url="http://hl7.org/fhir/StructureDefinition/cqf-knowledgeRepresentationLevel"><valueCode value="structured"/></extension><url value="http://hl7.org/fhir/uv/cpg/ckd/PlanDefinition/ckd-risk-screening"/><version value="1.0.0"/><name value="CKDRiskScreening"/><title value="Chronic Kidney Disease (CKD) risk screening Plan Definition"/><type><coding><system value="http://terminology.hl7.org/CodeSystem/plan-definition-type"/><code value="eca-rule"/><display value="ECA Rule"/></coding></type><status value="active"/><experimental value="true"/><date value="2024-11-18T18:15:24+00:00"/><publisher value="HL7 International - Clinical Decision Support WG"/><contact><name value="HL7 International - Clinical Decision Support WG"/><telecom><system value="url"/><value value="http://www.hl7.org/Special/committees/dss/index.cfm"/></telecom></contact><description value="Chronic Kidney Disease (CKD) risk screening"/><useContext><code><system value="http://terminology.hl7.org/CodeSystem/usage-context-type"/><code value="focus"/><display value="Clinical Focus"/></code><valueCodeableConcept><coding><system value="http://snomed.info/sct"/><code value="709044004"/><display value="Chronic kidney disease (disorder)"/></coding></valueCodeableConcept></useContext><jurisdiction><coding><system value="http://unstats.un.org/unsd/methods/m49/m49.htm"/><code value="001"/><display value="World"/></coding></jurisdiction><topic><coding><system value="http://terminology.hl7.org/CodeSystem/definition-topic"/><code value="treatment"/><display value="Treatment"/></coding></topic><library value="http://hl7.org/fhir/uv/cpg/ckd/Library/CKDRiskLogic"/><action><trigger><type value="named-event"/><name value="patient-view"/></trigger><condition><kind value="applicability"/><expression><language value="text/cql"/><expression value="Has CKD or Diabetes"/></expression></condition><action><title value="Order Renal Lab Panel"/><description value="Order full renal lab panel, eGFR or UCAR indicates risk."/><documentation><type value="documentation"/><display value="NIDDK Quick Reference on UACR &amp; GFR"/><url value="https://www.niddk.nih.gov/health-information/professionals/clinical-tools-patient-education-outreach/quick-reference-uacr-gfr"/><document><url value="https://www.niddk.nih.gov/health-information/professionals/clinical-tools-patient-education-outreach/quick-reference-uacr-gfr"/></document></documentation><condition><kind value="applicability"/><expression><language value="text/cql"/><expression value="Needs eGFR Lab"/></expression></condition><type><coding><system value="http://terminology.hl7.org/CodeSystem/action-type"/><code value="create"/></coding></type><definitionCanonical value="http://hl7.org/fhir/uv/cpg/ckd/ActivityDefinition/ckd-risk-renal-lab-order"/><dynamicValue><path value="action.description"/><expression><language value="text/cql"/><expression value="NeedsGFRDetail"/></expression></dynamicValue><dynamicValue><path value="activity.extension"/><expression><language value="text/cql"/><expression value="NeedsGFRSeverity"/></expression></dynamicValue></action><action><title value="2-year Kidney Failure Risk"/><documentation><type value="documentation"/><display value="Kidney Failure Risk Equation"/><url value="http://kidneyfailurerisk.com/#about-the-equation"/><document><url value="http://kidneyfailurerisk.com/#about-the-equation"/></document></documentation><condition><kind value="applicability"/><expression><language value="text/cql"/><expression value="Has Abnormal eGFR"/></expression></condition><dynamicValue><path value="action.description"/><expression><language value="text/cql"/><expression value="2-YearRiskDetail"/></expression></dynamicValue><dynamicValue><path value="activity.extension"/><expression><language value="text/cql"/><expression value="2-YearRiskSeverity"/></expression></dynamicValue></action><action><title value="5-year Kidney Failure Risk"/><documentation><type value="documentation"/><display value="Kidney Failure Risk Equation"/><url value="http://kidneyfailurerisk.com/#about-the-equation"/><document><url value="http://kidneyfailurerisk.com/#about-the-equation"/></document></documentation><condition><kind value="applicability"/><expression><language value="text/cql"/><expression value="Has Abnormal eGFR"/></expression></condition><dynamicValue><path value="action.description"/><expression><language value="text/cql"/><expression value="5-YearRiskDetail"/></expression></dynamicValue><dynamicValue><path value="activity.extension"/><expression><language value="text/cql"/><expression value="5-YearRiskSeverity"/></expression></dynamicValue></action><action><title value="Recommend Nephrology Referral"/><documentation><type value="documentation"/><display value="National Kidney Disease Education Program"/><url value="https://www.niddk.nih.gov/health-information/communication-programs/nkdep"/><document><url value="https://www.niddk.nih.gov/health-information/communication-programs/nkdep"/></document></documentation><condition><kind value="applicability"/><expression><language value="text/cql"/><expression value="Recommend Nephrology Referral"/></expression></condition><type><coding><system value="http://terminology.hl7.org/CodeSystem/action-type"/><code value="create"/></coding></type><definitionCanonical value="http://hl7.org/fhir/uv/cpg/ckd/ActivityDefinition/ckd-risk-referral-nephrology"/><dynamicValue><path value="action.description"/><expression><language value="text/cql"/><expression value="NephrologyReferralDetail"/></expression></dynamicValue><dynamicValue><path value="activity.extension"/><expression><language value="text/cql"/><expression value="NephrologyReferralSeverity"/></expression></dynamicValue></action></action></PlanDefinition>