<?xml version="1.0" encoding="UTF-8"?><PlanDefinition xmlns="http://hl7.org/fhir"><id value="va-ckd-recommendations"/><meta><profile value="http://hl7.org/fhir/uv/cpg/StructureDefinition/cpg-recommendationdefinition"/></meta><extension url="http://hl7.org/fhir/StructureDefinition/cqf-knowledgeCapability"><valueCode value="shareable"/></extension><extension url="http://hl7.org/fhir/StructureDefinition/cqf-knowledgeCapability"><valueCode value="computable"/></extension><extension url="http://hl7.org/fhir/StructureDefinition/cqf-knowledgeCapability"><valueCode value="publishable"/></extension><extension url="http://hl7.org/fhir/StructureDefinition/cqf-knowledgeRepresentationLevel"><valueCode value="structured"/></extension><url value="http://hl7.org/fhir/uv/cpg/ckd/PlanDefinition/va-ckd-recommendations"/><identifier><use value="official"/><value value="VA_CKD_Recommendations"/></identifier><version value="1.0.0"/><name value="VACKDRecommendations"/><title value="VA CKD Recommendations Plan Definition"/><type><coding><system value="http://terminology.hl7.org/CodeSystem/plan-definition-type"/><code value="eca-rule"/><display value="ECA Rule"/></coding></type><status value="active"/><experimental value="true"/><date value="2024-11-18T18:15:24+00:00"/><publisher value="HL7 International - Clinical Decision Support WG"/><contact><name value="HL7 International - Clinical Decision Support WG"/><telecom><system value="url"/><value value="http://www.hl7.org/Special/committees/dss/index.cfm"/></telecom></contact><description value="VA CKD Recommendations"/><useContext><code><system value="http://terminology.hl7.org/CodeSystem/usage-context-type"/><code value="focus"/><display value="Clinical Focus"/></code><valueCodeableConcept><coding><system value="http://snomed.info/sct"/><code value="709044004"/><display value="Chronic kidney disease (disorder)"/></coding></valueCodeableConcept></useContext><jurisdiction><coding><system value="http://unstats.un.org/unsd/methods/m49/m49.htm"/><code value="001"/><display value="World"/></coding></jurisdiction><topic><coding><system value="http://terminology.hl7.org/CodeSystem/definition-topic"/><code value="treatment"/><display value="Treatment"/></coding></topic><library value="http://hl7.org/fhir/uv/cpg/ckd/Library/CKDRiskLogic"/><action id="001"><extension url="http://hl7.org/fhir/StructureDefinition/cqf-strengthOfRecommendation"><valueCodeableConcept><coding><system value="http://terminology.hl7.org/CodeSystem/recommendation-strength"/><code value="weak"/><display value="Weak"/></coding></valueCodeableConcept></extension><extension url="http://hl7.org/fhir/uv/cpg/StructureDefinition/cpg-directionOfRecommendation"><valueCodeableConcept><coding><system value="http://hl7.org/fhir/uv/cpg/CodeSystem/cpg-recommendation-direction-cs"/><code value="for"/><display value="For"/></coding></valueCodeableConcept></extension><title value="CKD Protein Diet"/><description value="In patients with stage 3 and 4 CKD, we suggest a protein diet of 0.6 to 0.8 g/kg/day as it may slow the decline in glomerular filtration rate (GFR) and progression to end-stage renal disease (ESRD)."/><documentation><type value="documentation"/><display value="VA/DoD Clinical Practice Guideline for The management of Chronic Kidney Disease in Primary care"/><url value="http://www.healthquality.va.gov"/><document><url value="http://www.healthquality.va.gov"/></document></documentation><condition><kind value="applicability"/><expression><language value="text/cql"/><expression value="Has CKD stage 3 or 4"/></expression></condition></action></PlanDefinition>