<?xml version="1.0" encoding="UTF-8"?><PlanDefinition xmlns="http://hl7.org/fhir"><id value="va-ckd-protocol"/><meta><profile value="http://hl7.org/fhir/uv/cpg/StructureDefinition/cpg-pathwaydefinition"/></meta><extension url="http://hl7.org/fhir/StructureDefinition/cqf-knowledgeCapability"><valueCode value="shareable"/></extension><extension url="http://hl7.org/fhir/StructureDefinition/cqf-knowledgeCapability"><valueCode value="computable"/></extension><extension url="http://hl7.org/fhir/StructureDefinition/cqf-knowledgeCapability"><valueCode value="publishable"/></extension><extension url="http://hl7.org/fhir/StructureDefinition/cqf-knowledgeRepresentationLevel"><valueCode value="structured"/></extension><url value="http://cqframework.org/cpg-example-ckd/PlanDefinition/va-ckd-protocol"/><identifier><use value="official"/><value value="VA_CKD_Protocol"/></identifier><version value="1.0.0"/><name value="VACKDProtocol"/><title value="VA CKD Protocol Pathway"/><type><coding><system value="http://terminology.hl7.org/CodeSystem/plan-definition-type"/><code value="clinical-protocol"/><display value="Clinical Protocol"/></coding></type><status value="active"/><experimental value="true"/><date value="2024-11-18T18:20:09+00:00"/><publisher value="HL7 International - Clinical Decision Support WG"/><contact><name value="HL7 International - Clinical Decision Support WG"/><telecom><system value="url"/><value value="http://www.hl7.org/Special/committees/dss/index.cfm"/></telecom></contact><description value="VA CKD Protocol"/><useContext><code><system value="http://terminology.hl7.org/CodeSystem/usage-context-type"/><code value="focus"/><display value="Clinical Focus"/></code><valueCodeableConcept><coding><system value="http://snomed.info/sct"/><code value="709044004"/><display value="Chronic kidney disease (disorder)"/></coding></valueCodeableConcept></useContext><jurisdiction><coding><system value="http://unstats.un.org/unsd/methods/m49/m49.htm"/><code value="001"/><display value="World"/></coding></jurisdiction><topic><coding><system value="http://terminology.hl7.org/CodeSystem/definition-topic"/><code value="treatment"/><display value="Treatment"/></coding></topic><action id="001"><title value="History and Phyiscal"/><description value="Obtain initial clinical information: medical history (including risk factors for kidney disease), physical examination and review existing laboratory results."/><code><coding><system value="http://hl7.org/fhir/uv/cpg/CodeSystem/cpg-common-process-cs"/><code value="history-and-physical"/><display value="History and Physical"/></coding></code></action><action id="002"><title value="At-Risk Population"/><description value="Evaluate at-risk patients for CKD: obtain SCr, eGFR, urinalysis, &amp; spot urine UAER."/><code><coding><system value="http://hl7.org/fhir/uv/cpg/CodeSystem/cpg-common-process-cs"/><code value="history-and-physical"/><display value="History and Physical"/></coding></code></action><action id="003"><title value="Urgent/Emergent Conditions"/><description value="Does patient have an urgent or emergent condition?"/><code><coding><system value="http://hl7.org/fhir/uv/cpg/CodeSystem/cpg-common-process-cs"/><code value="triage"/><display value="Triage"/></coding></code><action id="003.1"><title value="Refer to emergency department."/><description value="Refer to emergency department to manage or stabilize."/><code><coding><system value="http://hl7.org/fhir/uv/cpg/CodeSystem/cpg-common-process-cs"/><code value="triage"/><display value="Triage"/></coding></code></action></action><action id="004"><title value="Criteria for Confirmed CKD"/><description value="Does patient have evidence of CKD?"/><code><coding><system value="http://hl7.org/fhir/uv/cpg/CodeSystem/cpg-common-process-cs"/><code value="determine-diagnosis"/><display value="Determine Diagnosis"/></coding></code><condition><kind value="applicability"/><expression><language value="text/cql"/><expression value="Has evidence of CKD?"/></expression></condition><action id="004.1"><title value="Stages of CKD."/><description value="Complete clinical assessment. Determine stage of CKD."/><code><coding><system value="http://hl7.org/fhir/uv/cpg/CodeSystem/cpg-common-process-cs"/><code value="determine-diagnosis"/><display value="Determine Diagnosis"/></coding></code></action><action id="004.2"><title value="Strategies to Slow Progression."/><description value="Establish primary etiology of CKD and treatment plan to slow progression."/><code><coding><system value="http://hl7.org/fhir/uv/cpg/CodeSystem/cpg-common-process-cs"/><code value="guideline-based-care"/><display value="Guideline-based Care"/></coding></code></action></action></PlanDefinition>