{
  "resourceType" : "ActivityDefinition",
  "id" : "cc-cpg-activity-edu-hypertension",
  "meta" : {
    "profile" : ["http://hl7.org/fhir/uv/cpg/StructureDefinition/cpg-computableactivity"]
  },
  "text" : {
    "status" : "extensions",
    "div" : "<div xmlns=\"http://www.w3.org/1999/xhtml\"><p class=\"res-header-id\"><b>Generated Narrative: ActivityDefinition cc-cpg-activity-edu-hypertension</b></p><a name=\"cc-cpg-activity-edu-hypertension\"> </a><a name=\"hccc-cpg-activity-edu-hypertension\"> </a><a name=\"cc-cpg-activity-edu-hypertension-en-US\"> </a><p><b>CQF Knowledge capability</b>: shareable</p><p><b>CQF Knowledge capability</b>: computable</p><p><b>CQF Knowledge capability</b>: publishable</p><p><b>CQF knowledge representation level</b>: structured</p><p><b>url</b>: <a href=\"ActivityDefinition-cc-cpg-activity-edu-hypertension.html\">ActivityDefinition Patient education: Managing Your High Blood Pressure (Hypertension)</a></p><p><b>version</b>: 1.0.0</p><p><b>name</b>: EducationHighBloodPressure</p><p><b>title</b>: Patient education: Managing Your High Blood Pressure (Hypertension)</p><p><b>status</b>: Active</p><p><b>experimental</b>: true</p><p><b>date</b>: 2024-11-18 18:20:09+0000</p><p><b>publisher</b>: HL7 International - Clinical Decision Support WG</p><p><b>contact</b>: HL7 International - Clinical Decision Support WG: <a href=\"http://www.hl7.org/Special/committees/dss/index.cfm\">http://www.hl7.org/Special/committees/dss/index.cfm</a></p><p><b>description</b>: </p><div><p>Patient education: Managing Your High Blood Pressure (Hypertension)</p>\n</div><p><b>jurisdiction</b>: <span title=\"Codes:{http://unstats.un.org/unsd/methods/m49/m49.htm 001}\">World</span></p><blockquote><p><b>relatedArtifact</b></p><p><b>type</b>: Justification</p><p><b>display</b>: To improve long-term outcomes, lifestyle modifications to&amp;nbsp;lower&amp;nbsp;blood pressure to less than 140/90 mmHg should be made for those who are NOT at high risk for cardiovascular disease.\n\n&amp;nbsp;\n\nThe modifications include:\n\n\n\tWeight reduction, if indicated, and maintaining a healthy weight with body mass index (BMI) of 20 to 25\n\n\n\n\tReducing salt intake to 2 g per day of sodium, unless contraindicated\n\n\n\n\tFollowing a regular exercise program aiming for at least 30 minutes, 5 times a week, depending on cardiovascular tolerance\n\n\n\n\tAlcohol intake not more than 2 standard drinks per day for men and one standard drink per day for women</p><p><b>citation</b>: </p><div><p>Kidney Disease: Improving Global Outcomes (KDIGO) Blood Pressure Work Group. KDIGO clinical practice guideline for the management of blood pressure in chronic kidney disease. Kidney Int. 2012;2 (Suppl), 337-414. Source</p>\n</div><p><b>url</b>: <a href=\"http://himss19.ordersetsmanager.com/evidenceviewer/#/7CBBBE9B75E10232E05352E3610A5325/7CBBBE9B75F10232E05352E3610A5325\">http://himss19.ordersetsmanager.com/evidenceviewer/#/7CBBBE9B75E10232E05352E3610A5325/7CBBBE9B75F10232E05352E3610A5325</a></p><h3>Documents</h3><table class=\"grid\"><tr><td style=\"display: none\">-</td><td><b>Url</b></td></tr><tr><td style=\"display: none\">*</td><td><a href=\"http://himss19.ordersetsmanager.com/evidenceviewer/#/7CBBBE9B75E10232E05352E3610A5325/7CBBBE9B75F10232E05352E3610A5325\">http://himss19.ordersetsmanager.com/evidenceviewer/#/7CBBBE9B75E10232E05352E3610A5325/7CBBBE9B75F10232E05352E3610A5325</a></td></tr></table></blockquote><p><b>kind</b>: ServiceRequest</p><p><b>code</b>: <span title=\"Codes:{http://snomed.info/sct 39155009}\">Hypertension education</span></p></div>"
  },
  "extension" : [{
    "url" : "http://hl7.org/fhir/StructureDefinition/cqf-knowledgeCapability",
    "valueCode" : "shareable"
  },
  {
    "url" : "http://hl7.org/fhir/StructureDefinition/cqf-knowledgeCapability",
    "valueCode" : "computable"
  },
  {
    "url" : "http://hl7.org/fhir/StructureDefinition/cqf-knowledgeCapability",
    "valueCode" : "publishable"
  },
  {
    "url" : "http://hl7.org/fhir/StructureDefinition/cqf-knowledgeRepresentationLevel",
    "valueCode" : "structured"
  }],
  "url" : "http://cqframework.org/cpg-example-ckd/ActivityDefinition/cc-cpg-activity-edu-hypertension",
  "version" : "1.0.0",
  "name" : "EducationHighBloodPressure",
  "title" : "Patient education: Managing Your High Blood Pressure (Hypertension)",
  "status" : "active",
  "experimental" : true,
  "date" : "2024-11-18T18:20:09+00:00",
  "publisher" : "HL7 International - Clinical Decision Support WG",
  "contact" : [{
    "name" : "HL7 International - Clinical Decision Support WG",
    "telecom" : [{
      "system" : "url",
      "value" : "http://www.hl7.org/Special/committees/dss/index.cfm"
    }]
  }],
  "description" : "Patient education: Managing Your High Blood Pressure (Hypertension)",
  "jurisdiction" : [{
    "coding" : [{
      "system" : "http://unstats.un.org/unsd/methods/m49/m49.htm",
      "code" : "001",
      "display" : "World"
    }]
  }],
  "relatedArtifact" : [{
    "type" : "justification",
    "display" : "To improve long-term outcomes, lifestyle modifications to&nbsp;lower&nbsp;blood pressure to less than 140/90 mmHg should be made for those who are NOT at high risk for cardiovascular disease.\n\n&nbsp;\n\nThe modifications include:\n\n\n\tWeight reduction, if indicated, and maintaining a healthy weight with body mass index (BMI) of 20 to 25\n\n\n\n\tReducing salt intake to 2 g per day of sodium, unless contraindicated\n\n\n\n\tFollowing a regular exercise program aiming for at least 30 minutes, 5 times a week, depending on cardiovascular tolerance\n\n\n\n\tAlcohol intake not more than 2 standard drinks per day for men and one standard drink per day for women",
    "citation" : "Kidney Disease: Improving Global Outcomes (KDIGO) Blood Pressure Work Group. KDIGO clinical practice guideline for the management of blood pressure in chronic kidney disease. Kidney Int. 2012;2 (Suppl), 337-414. Source",
    "url" : "http://himss19.ordersetsmanager.com/evidenceviewer/#/7CBBBE9B75E10232E05352E3610A5325/7CBBBE9B75F10232E05352E3610A5325",
    "document" : {
      "url" : "http://himss19.ordersetsmanager.com/evidenceviewer/#/7CBBBE9B75E10232E05352E3610A5325/7CBBBE9B75F10232E05352E3610A5325"
    }
  }],
  "kind" : "ServiceRequest",
  "code" : {
    "coding" : [{
      "system" : "http://snomed.info/sct",
      "code" : "39155009",
      "display" : "Hypertension education (procedure)"
    }],
    "text" : "Hypertension education"
  }
}