{
  "resourceType" : "ActivityDefinition",
  "id" : "ckd-risk-renal-lab-order",
  "meta" : {
    "profile" : ["http://hl7.org/fhir/uv/cpg/StructureDefinition/cpg-computableactivity"]
  },
  "text" : {
    "status" : "extensions",
    "div" : "<div xmlns=\"http://www.w3.org/1999/xhtml\"><p class=\"res-header-id\"><b>Generated Narrative: ActivityDefinition ckd-risk-renal-lab-order</b></p><a name=\"ckd-risk-renal-lab-order\"> </a><a name=\"hcckd-risk-renal-lab-order\"> </a><a name=\"ckd-risk-renal-lab-order-en-US\"> </a><p><b>CQF Knowledge capability</b>: shareable</p><p><b>CQF Knowledge capability</b>: computable</p><p><b>CQF Knowledge capability</b>: publishable</p><p><b>CQF knowledge representation level</b>: structured</p><p><b>url</b>: <a href=\"ActivityDefinition-ckd-risk-renal-lab-order.html\">ActivityDefinition Order Renal Lab Panel Activity Definition</a></p><p><b>version</b>: 1.0.0</p><p><b>name</b>: OrderRenalLabPanel</p><p><b>title</b>: Order Renal Lab Panel Activity Definition</p><p><b>status</b>: Active</p><p><b>experimental</b>: true</p><p><b>date</b>: 2024-11-18 18:15:24+0000</p><p><b>publisher</b>: HL7 International - Clinical Decision Support WG</p><p><b>contact</b>: HL7 International - Clinical Decision Support WG: <a href=\"http://www.hl7.org/Special/committees/dss/index.cfm\">http://www.hl7.org/Special/committees/dss/index.cfm</a></p><p><b>description</b>: </p><div><p>Create ServiceRequest to order Renal lab panel.</p>\n</div><p><b>jurisdiction</b>: <span title=\"Codes:{http://unstats.un.org/unsd/methods/m49/m49.htm 001}\">World</span></p><p><b>library</b>: <a href=\"Library-CKDRiskLogic.html\">Chronic Kidney Disease (CKD) risk screening logic</a></p><p><b>kind</b>: ServiceRequest</p><p><b>code</b>: <span title=\"Codes:{http://loinc.org 24362-6}\">Renal function 2000 panel - Serum or Plasma</span></p><h3>Participants</h3><table class=\"grid\"><tr><td style=\"display: none\">-</td><td><b>Type</b></td></tr><tr><td style=\"display: none\">*</td><td>Practitioner</td></tr></table><blockquote><p><b>dynamicValue</b></p><p><b>path</b>: reasonReference</p><h3>Expressions</h3><table class=\"grid\"><tr><td style=\"display: none\">-</td><td><b>Language</b></td><td><b>Expression</b></td></tr><tr><td style=\"display: none\">*</td><td>CQL</td><td>CKD or Diabetes Dx</td></tr></table></blockquote></div>"
  },
  "extension" : [{
    "url" : "http://hl7.org/fhir/StructureDefinition/cqf-knowledgeCapability",
    "valueCode" : "shareable"
  },
  {
    "url" : "http://hl7.org/fhir/StructureDefinition/cqf-knowledgeCapability",
    "valueCode" : "computable"
  },
  {
    "url" : "http://hl7.org/fhir/StructureDefinition/cqf-knowledgeCapability",
    "valueCode" : "publishable"
  },
  {
    "url" : "http://hl7.org/fhir/StructureDefinition/cqf-knowledgeRepresentationLevel",
    "valueCode" : "structured"
  }],
  "url" : "http://hl7.org/fhir/uv/cpg/ckd/ActivityDefinition/ckd-risk-renal-lab-order",
  "version" : "1.0.0",
  "name" : "OrderRenalLabPanel",
  "title" : "Order Renal Lab Panel Activity Definition",
  "status" : "active",
  "experimental" : true,
  "date" : "2024-11-18T18:15:24+00:00",
  "publisher" : "HL7 International - Clinical Decision Support WG",
  "contact" : [{
    "name" : "HL7 International - Clinical Decision Support WG",
    "telecom" : [{
      "system" : "url",
      "value" : "http://www.hl7.org/Special/committees/dss/index.cfm"
    }]
  }],
  "description" : "Create ServiceRequest to order Renal lab panel.",
  "jurisdiction" : [{
    "coding" : [{
      "system" : "http://unstats.un.org/unsd/methods/m49/m49.htm",
      "code" : "001",
      "display" : "World"
    }]
  }],
  "library" : ["http://hl7.org/fhir/uv/cpg/ckd/Library/CKDRiskLogic"],
  "kind" : "ServiceRequest",
  "code" : {
    "coding" : [{
      "system" : "http://loinc.org",
      "code" : "24362-6",
      "display" : "Renal function 2000 panel - Serum or Plasma"
    }]
  },
  "participant" : [{
    "type" : "practitioner"
  }],
  "dynamicValue" : [{
    "path" : "reasonReference",
    "expression" : {
      "language" : "text/cql",
      "expression" : "CKD or Diabetes Dx"
    }
  }]
}