<?xml version="1.0" encoding="UTF-8"?>

<ActivityDefinition xmlns="http://hl7.org/fhir">
  <id value="ckd-risk-referral-nephrology"/>
  <meta>
    <profile value="http://hl7.org/fhir/uv/cpg/StructureDefinition/cpg-computableactivity"/>
  </meta>
  <text>
    <status value="extensions"/><div xmlns="http://www.w3.org/1999/xhtml"><p class="res-header-id"><b>Generated Narrative: ActivityDefinition ckd-risk-referral-nephrology</b></p><a name="ckd-risk-referral-nephrology"> </a><a name="hcckd-risk-referral-nephrology"> </a><a name="ckd-risk-referral-nephrology-en-US"> </a><p><b>CQF Knowledge capability</b>: shareable</p><p><b>CQF Knowledge capability</b>: computable</p><p><b>CQF Knowledge capability</b>: publishable</p><p><b>CQF knowledge representation level</b>: structured</p><p><b>url</b>: <a href="ActivityDefinition-ckd-risk-referral-nephrology.html">ActivityDefinition Referral to Nephrologist Activity Definition</a></p><p><b>version</b>: 1.0.0</p><p><b>name</b>: ReferralToNephrologist</p><p><b>title</b>: Referral to Nephrologist Activity Definition</p><p><b>status</b>: Active</p><p><b>experimental</b>: true</p><p><b>date</b>: 2024-11-18 18:20:09+0000</p><p><b>publisher</b>: HL7 International - Clinical Decision Support WG</p><p><b>contact</b>: HL7 International - Clinical Decision Support WG: <a href="http://www.hl7.org/Special/committees/dss/index.cfm">http://www.hl7.org/Special/committees/dss/index.cfm</a></p><p><b>description</b>: </p><div><p>Create ServiceRequest to order Referral for nephrology.</p>
</div><p><b>jurisdiction</b>: <span title="Codes:{http://unstats.un.org/unsd/methods/m49/m49.htm 001}">World</span></p><p><b>library</b>: <a href="Library-CKDRiskLogic.html">Chronic Kidney Disease (CKD) risk screening logic</a></p><p><b>kind</b>: ServiceRequest</p><p><b>code</b>: <span title="Codes:{http://snomed.info/sct 306125004}">Referral to nephrology service</span></p><h3>Participants</h3><table class="grid"><tr><td style="display: none">-</td><td><b>Type</b></td></tr><tr><td style="display: none">*</td><td>Practitioner</td></tr></table><blockquote><p><b>dynamicValue</b></p><p><b>path</b>: reasonReference</p><h3>Expressions</h3><table class="grid"><tr><td style="display: none">-</td><td><b>Language</b></td><td><b>Expression</b></td></tr><tr><td style="display: none">*</td><td>CQL</td><td>Chronic Kidney Disease Dx</td></tr></table></blockquote></div>
  </text>
  <extension url="http://hl7.org/fhir/StructureDefinition/cqf-knowledgeCapability">
    <valueCode value="shareable"/>
  </extension>
  <extension url="http://hl7.org/fhir/StructureDefinition/cqf-knowledgeCapability">
    <valueCode value="computable"/>
  </extension>
  <extension url="http://hl7.org/fhir/StructureDefinition/cqf-knowledgeCapability">
    <valueCode value="publishable"/>
  </extension>
  <extension url="http://hl7.org/fhir/StructureDefinition/cqf-knowledgeRepresentationLevel">
    <valueCode value="structured"/>
  </extension>
  <url value="http://cqframework.org/cpg-example-ckd/ActivityDefinition/ckd-risk-referral-nephrology"/>
  <version value="1.0.0"/>
  <name value="ReferralToNephrologist"/>
  <title value="Referral to Nephrologist Activity Definition"/>
  <status value="active"/>
  <experimental value="true"/>
  <date value="2024-11-18T18:20:09+00:00"/>
  <publisher value="HL7 International - Clinical Decision Support WG"/>
  <contact>
    <name value="HL7 International - Clinical Decision Support WG"/>
    <telecom>
      <system value="url"/>
      <value value="http://www.hl7.org/Special/committees/dss/index.cfm"/>
    </telecom>
  </contact>
  <description value="Create ServiceRequest to order Referral for nephrology."/>
  <jurisdiction>
    <coding>
      <system value="http://unstats.un.org/unsd/methods/m49/m49.htm"/>
      <code value="001"/>
      <display value="World"/>
    </coding>
  </jurisdiction>
  <library value="http://cqframework.org/cpg-example-ckd/Library/CKDRiskLogic"/>
  <kind value="ServiceRequest"/>
  <code>
    <coding>
      <system value="http://snomed.info/sct"/>
      <code value="306125004"/>
      <display value="Referral to nephrology service"/>
    </coding>
  </code>
  <participant>
    <type value="practitioner"/>
  </participant>
  <dynamicValue>
    <path value="reasonReference"/>
    <expression>
      <language value="text/cql"/>
      <expression value="Chronic Kidney Disease Dx"/>
    </expression>
  </dynamicValue>
</ActivityDefinition>