{
  "resourceType" : "ActivityDefinition",
  "id" : "cc-cpg-activity-ultrasound-renal",
  "meta" : {
    "profile" : ["http://hl7.org/fhir/uv/cpg/StructureDefinition/cpg-computableactivity"]
  },
  "text" : {
    "status" : "extensions",
    "div" : "<div xmlns=\"http://www.w3.org/1999/xhtml\"><p class=\"res-header-id\"><b>Generated Narrative: ActivityDefinition cc-cpg-activity-ultrasound-renal</b></p><a name=\"cc-cpg-activity-ultrasound-renal\"> </a><a name=\"hccc-cpg-activity-ultrasound-renal\"> </a><a name=\"cc-cpg-activity-ultrasound-renal-en-US\"> </a><p><b>CQF Knowledge capability</b>: shareable</p><p><b>CQF Knowledge capability</b>: computable</p><p><b>CQF Knowledge capability</b>: publishable</p><p><b>CQF knowledge representation level</b>: structured</p><p><b>url</b>: <a href=\"ActivityDefinition-cc-cpg-activity-ultrasound-renal.html\">ActivityDefinition Ultrasound, Renal; History: [add diagnosis, symptom(s)]; Question: [add reason for exam]</a></p><p><b>version</b>: 1.0.0</p><p><b>name</b>: UltrasoundRenalHistory</p><p><b>title</b>: Ultrasound, Renal; History: [add diagnosis, symptom(s)]; Question: [add reason for exam]</p><p><b>status</b>: Active</p><p><b>experimental</b>: true</p><p><b>date</b>: 2024-11-18 18:15:24+0000</p><p><b>publisher</b>: HL7 International - Clinical Decision Support WG</p><p><b>contact</b>: HL7 International - Clinical Decision Support WG: <a href=\"http://www.hl7.org/Special/committees/dss/index.cfm\">http://www.hl7.org/Special/committees/dss/index.cfm</a></p><p><b>description</b>: </p><div><p>Ultrasound, Renal; History: [add diagnosis, symptom(s)]; Question: [add reason for exam]</p>\n</div><p><b>jurisdiction</b>: <span title=\"Codes:{http://unstats.un.org/unsd/methods/m49/m49.htm 001}\">World</span></p><blockquote><p><b>relatedArtifact</b></p><p><b>type</b>: Justification</p><p><b>display</b>: Renal ultrasonography\n\n\n\tPerform ultrasonography to detect structural abnormalities when routine evaluation and urinalysis are inconclusive or to distinguish between acute and chronic kidney disease\n\n\n\n\tSmall hyperechoic kidneys, cysts, or lesions are irregularities associated with chronic kidney disease\n\n\n\n\tUltrasonography will also detect presence of stones, cysts, or masses that can affect renal function\n\n\n\n\tDiagnosis of chronic kidney disease requires abnormalities persisting beyond 3 months\n\n\n&amp;nbsp;\n\nDifferential Diagnosis\n\n\n\tRenal artery stenosis\n\t\n\t\tNarrowing of the renal arteries resulting in loss of kidney function and blood pressure alteration\n\t\tBoth renal artery stenosis and chronic kidney disease present with hypertension and reduced GFR\n\t\tAlthough also a cause of chronic kidney disease, renal artery stenosis (usually from atherosclerosis) is present before the development of kidney disease\n\t\tRenal bruit is indicative of renal artery stenosis\n\t\tDuplex ultrasonography can identify blockage in the renal artery and high velocity flow rate, indicative of renal artery stenosis\n\t\n\t\n\n\n\n\tNeoplasm\n\t\n\t\tNeoplasm of the kidney is a tumor growth in the renal cells\n\t\tBoth diseases present with RBCs in urine\n\t\tNeoplasia can be differentiated by detecting tumor mass on kidney\n\t\tContrast-enhanced CT scanning or ultrasonography can identify renal neoplasias, which can then be further evaluated with MRI</p><p><b>citation</b>: </p><div><p>Chronic Kidney Disease Clinical Overview. ClinicalKey. Source</p>\n</div><p><b>url</b>: <a href=\"http://himss19.ordersetsmanager.com/evidenceviewer/#/7CBBBE9B75E10232E05352E3610A5325/7CBBBE9B75D50232E05352E3610A5325\">http://himss19.ordersetsmanager.com/evidenceviewer/#/7CBBBE9B75E10232E05352E3610A5325/7CBBBE9B75D50232E05352E3610A5325</a></p><h3>Documents</h3><table class=\"grid\"><tr><td style=\"display: none\">-</td><td><b>Url</b></td></tr><tr><td style=\"display: none\">*</td><td><a href=\"http://himss19.ordersetsmanager.com/evidenceviewer/#/7CBBBE9B75E10232E05352E3610A5325/7CBBBE9B75D50232E05352E3610A5325\">http://himss19.ordersetsmanager.com/evidenceviewer/#/7CBBBE9B75E10232E05352E3610A5325/7CBBBE9B75D50232E05352E3610A5325</a></td></tr></table></blockquote><p><b>kind</b>: ServiceRequest</p><p><b>code</b>: <span title=\"Codes:{http://snomed.info/sct 13301000087109}\">Ultrasound of bilateral kidneys</span></p><p><b>timing</b>: Events: ?? </p><h3>Participants</h3><table class=\"grid\"><tr><td style=\"display: none\">-</td><td><b>Type</b></td></tr><tr><td style=\"display: none\">*</td><td>Practitioner</td></tr></table></div>"
  },
  "extension" : [{
    "url" : "http://hl7.org/fhir/StructureDefinition/cqf-knowledgeCapability",
    "valueCode" : "shareable"
  },
  {
    "url" : "http://hl7.org/fhir/StructureDefinition/cqf-knowledgeCapability",
    "valueCode" : "computable"
  },
  {
    "url" : "http://hl7.org/fhir/StructureDefinition/cqf-knowledgeCapability",
    "valueCode" : "publishable"
  },
  {
    "url" : "http://hl7.org/fhir/StructureDefinition/cqf-knowledgeRepresentationLevel",
    "valueCode" : "structured"
  }],
  "url" : "http://hl7.org/fhir/uv/cpg/ckd/ActivityDefinition/cc-cpg-activity-ultrasound-renal",
  "version" : "1.0.0",
  "name" : "UltrasoundRenalHistory",
  "title" : "Ultrasound, Renal; History: [add diagnosis, symptom(s)]; Question: [add reason for exam]",
  "status" : "active",
  "experimental" : true,
  "date" : "2024-11-18T18:15:24+00:00",
  "publisher" : "HL7 International - Clinical Decision Support WG",
  "contact" : [{
    "name" : "HL7 International - Clinical Decision Support WG",
    "telecom" : [{
      "system" : "url",
      "value" : "http://www.hl7.org/Special/committees/dss/index.cfm"
    }]
  }],
  "description" : "Ultrasound, Renal; History: [add diagnosis, symptom(s)]; Question: [add reason for exam]",
  "jurisdiction" : [{
    "coding" : [{
      "system" : "http://unstats.un.org/unsd/methods/m49/m49.htm",
      "code" : "001",
      "display" : "World"
    }]
  }],
  "relatedArtifact" : [{
    "type" : "justification",
    "display" : "Renal ultrasonography\n\n\n\tPerform ultrasonography to detect structural abnormalities when routine evaluation and urinalysis are inconclusive or to distinguish between acute and chronic kidney disease\n\n\n\n\tSmall hyperechoic kidneys, cysts, or lesions are irregularities associated with chronic kidney disease\n\n\n\n\tUltrasonography will also detect presence of stones, cysts, or masses that can affect renal function\n\n\n\n\tDiagnosis of chronic kidney disease requires abnormalities persisting beyond 3 months\n\n\n&nbsp;\n\nDifferential Diagnosis\n\n\n\tRenal artery stenosis\n\t\n\t\tNarrowing of the renal arteries resulting in loss of kidney function and blood pressure alteration\n\t\tBoth renal artery stenosis and chronic kidney disease present with hypertension and reduced GFR\n\t\tAlthough also a cause of chronic kidney disease, renal artery stenosis (usually from atherosclerosis) is present before the development of kidney disease\n\t\tRenal bruit is indicative of renal artery stenosis\n\t\tDuplex ultrasonography can identify blockage in the renal artery and high velocity flow rate, indicative of renal artery stenosis\n\t\n\t\n\n\n\n\tNeoplasm\n\t\n\t\tNeoplasm of the kidney is a tumor growth in the renal cells\n\t\tBoth diseases present with RBCs in urine\n\t\tNeoplasia can be differentiated by detecting tumor mass on kidney\n\t\tContrast-enhanced CT scanning or ultrasonography can identify renal neoplasias, which can then be further evaluated with MRI",
    "citation" : "Chronic Kidney Disease Clinical Overview. ClinicalKey. Source",
    "url" : "http://himss19.ordersetsmanager.com/evidenceviewer/#/7CBBBE9B75E10232E05352E3610A5325/7CBBBE9B75D50232E05352E3610A5325",
    "document" : {
      "url" : "http://himss19.ordersetsmanager.com/evidenceviewer/#/7CBBBE9B75E10232E05352E3610A5325/7CBBBE9B75D50232E05352E3610A5325"
    }
  }],
  "kind" : "ServiceRequest",
  "code" : {
    "coding" : [{
      "system" : "http://snomed.info/sct",
      "code" : "13301000087109",
      "display" : "Ultrasonography of bilateral kidneys (procedure)"
    }],
    "text" : "Ultrasound of bilateral kidneys"
  },
  "timingTiming" : {
    "_event" : [{
      "extension" : [{
        "url" : "http://hl7.org/fhir/StructureDefinition/cqf-expression",
        "valueExpression" : {
          "language" : "text/cql",
          "expression" : "Now()"
        }
      }]
    }]
  },
  "participant" : [{
    "type" : "practitioner"
  }]
}