{
  "resourceType" : "ActivityDefinition",
  "id" : "cc-cpg-activity-lab-creatinine",
  "meta" : {
    "profile" : ["http://hl7.org/fhir/uv/cpg/StructureDefinition/cpg-computableactivity"]
  },
  "text" : {
    "status" : "extensions",
    "div" : "<div xmlns=\"http://www.w3.org/1999/xhtml\"><p class=\"res-header-id\"><b>Generated Narrative: ActivityDefinition cc-cpg-activity-lab-creatinine</b></p><a name=\"cc-cpg-activity-lab-creatinine\"> </a><a name=\"hccc-cpg-activity-lab-creatinine\"> </a><a name=\"cc-cpg-activity-lab-creatinine-en-US\"> </a><p><b>CQF Knowledge capability</b>: shareable</p><p><b>CQF Knowledge capability</b>: computable</p><p><b>CQF Knowledge capability</b>: publishable</p><p><b>CQF knowledge representation level</b>: structured</p><p><b>url</b>: <a href=\"ActivityDefinition-cc-cpg-activity-lab-creatinine.html\">ActivityDefinition Lab: Creatinine, Urine Random, Once</a></p><p><b>version</b>: 1.0.0</p><p><b>name</b>: LabCreatinineUrineRandom</p><p><b>title</b>: Lab: Creatinine, Urine Random, Once</p><p><b>status</b>: Active</p><p><b>experimental</b>: true</p><p><b>date</b>: 2024-11-18 18:20:09+0000</p><p><b>publisher</b>: HL7 International - Clinical Decision Support WG</p><p><b>contact</b>: HL7 International - Clinical Decision Support WG: <a href=\"http://www.hl7.org/Special/committees/dss/index.cfm\">http://www.hl7.org/Special/committees/dss/index.cfm</a></p><p><b>description</b>: </p><div><p>Lab: Creatinine, Urine Random, Once</p>\n</div><p><b>jurisdiction</b>: <span title=\"Codes:{http://unstats.un.org/unsd/methods/m49/m49.htm 001}\">World</span></p><p><b>kind</b>: ServiceRequest</p><p><b>code</b>: <span title=\"Codes:{http://loinc.org 2161-8}\">Creatinine [Mass/volume] in Urine</span></p><p><b>timing</b>: Events: ?? </p><h3>Participants</h3><table class=\"grid\"><tr><td style=\"display: none\">-</td><td><b>Type</b></td></tr><tr><td style=\"display: none\">*</td><td>Practitioner</td></tr></table></div>"
  },
  "extension" : [{
    "url" : "http://hl7.org/fhir/StructureDefinition/cqf-knowledgeCapability",
    "valueCode" : "shareable"
  },
  {
    "url" : "http://hl7.org/fhir/StructureDefinition/cqf-knowledgeCapability",
    "valueCode" : "computable"
  },
  {
    "url" : "http://hl7.org/fhir/StructureDefinition/cqf-knowledgeCapability",
    "valueCode" : "publishable"
  },
  {
    "url" : "http://hl7.org/fhir/StructureDefinition/cqf-knowledgeRepresentationLevel",
    "valueCode" : "structured"
  }],
  "url" : "http://cqframework.org/cpg-example-ckd/ActivityDefinition/cc-cpg-activity-lab-creatinine",
  "version" : "1.0.0",
  "name" : "LabCreatinineUrineRandom",
  "title" : "Lab: Creatinine, Urine Random, Once",
  "status" : "active",
  "experimental" : true,
  "date" : "2024-11-18T18:20:09+00:00",
  "publisher" : "HL7 International - Clinical Decision Support WG",
  "contact" : [{
    "name" : "HL7 International - Clinical Decision Support WG",
    "telecom" : [{
      "system" : "url",
      "value" : "http://www.hl7.org/Special/committees/dss/index.cfm"
    }]
  }],
  "description" : "Lab: Creatinine, Urine Random, Once",
  "jurisdiction" : [{
    "coding" : [{
      "system" : "http://unstats.un.org/unsd/methods/m49/m49.htm",
      "code" : "001",
      "display" : "World"
    }]
  }],
  "kind" : "ServiceRequest",
  "code" : {
    "coding" : [{
      "system" : "http://loinc.org",
      "code" : "2161-8",
      "display" : "Creatinine [Mass/volume] in Urine"
    }]
  },
  "timingTiming" : {
    "_event" : [{
      "extension" : [{
        "url" : "http://hl7.org/fhir/StructureDefinition/cqf-expression",
        "valueExpression" : {
          "language" : "text/cql",
          "expression" : "Now()"
        }
      }]
    }]
  },
  "participant" : [{
    "type" : "practitioner"
  }]
}