<?xml version="1.0" encoding="UTF-8"?>

<ActivityDefinition xmlns="http://hl7.org/fhir">
  <id value="cc-cpg-activity-edu-hypertension"/>
  <meta>
    <profile value="http://hl7.org/fhir/uv/cpg/StructureDefinition/cpg-computableactivity"/>
  </meta>
  <text>
    <status value="extensions"/><div xmlns="http://www.w3.org/1999/xhtml"><p class="res-header-id"><b>Generated Narrative: ActivityDefinition cc-cpg-activity-edu-hypertension</b></p><a name="cc-cpg-activity-edu-hypertension"> </a><a name="hccc-cpg-activity-edu-hypertension"> </a><a name="cc-cpg-activity-edu-hypertension-en-US"> </a><p><b>CQF Knowledge capability</b>: shareable</p><p><b>CQF Knowledge capability</b>: computable</p><p><b>CQF Knowledge capability</b>: publishable</p><p><b>CQF knowledge representation level</b>: structured</p><p><b>url</b>: <a href="ActivityDefinition-cc-cpg-activity-edu-hypertension.html">ActivityDefinition Patient education: Managing Your High Blood Pressure (Hypertension)</a></p><p><b>version</b>: 1.0.0</p><p><b>name</b>: EducationHighBloodPressure</p><p><b>title</b>: Patient education: Managing Your High Blood Pressure (Hypertension)</p><p><b>status</b>: Active</p><p><b>experimental</b>: true</p><p><b>date</b>: 2024-11-18 18:15:24+0000</p><p><b>publisher</b>: HL7 International - Clinical Decision Support WG</p><p><b>contact</b>: HL7 International - Clinical Decision Support WG: <a href="http://www.hl7.org/Special/committees/dss/index.cfm">http://www.hl7.org/Special/committees/dss/index.cfm</a></p><p><b>description</b>: </p><div><p>Patient education: Managing Your High Blood Pressure (Hypertension)</p>
</div><p><b>jurisdiction</b>: <span title="Codes:{http://unstats.un.org/unsd/methods/m49/m49.htm 001}">World</span></p><blockquote><p><b>relatedArtifact</b></p><p><b>type</b>: Justification</p><p><b>display</b>: To improve long-term outcomes, lifestyle modifications to&amp;nbsp;lower&amp;nbsp;blood pressure to less than 140/90 mmHg should be made for those who are NOT at high risk for cardiovascular disease.

&amp;nbsp;

The modifications include:


	Weight reduction, if indicated, and maintaining a healthy weight with body mass index (BMI) of 20 to 25



	Reducing salt intake to 2 g per day of sodium, unless contraindicated



	Following a regular exercise program aiming for at least 30 minutes, 5 times a week, depending on cardiovascular tolerance



	Alcohol intake not more than 2 standard drinks per day for men and one standard drink per day for women</p><p><b>citation</b>: </p><div><p>Kidney Disease: Improving Global Outcomes (KDIGO) Blood Pressure Work Group. KDIGO clinical practice guideline for the management of blood pressure in chronic kidney disease. Kidney Int. 2012;2 (Suppl), 337-414. Source</p>
</div><p><b>url</b>: <a href="http://himss19.ordersetsmanager.com/evidenceviewer/#/7CBBBE9B75E10232E05352E3610A5325/7CBBBE9B75F10232E05352E3610A5325">http://himss19.ordersetsmanager.com/evidenceviewer/#/7CBBBE9B75E10232E05352E3610A5325/7CBBBE9B75F10232E05352E3610A5325</a></p><h3>Documents</h3><table class="grid"><tr><td style="display: none">-</td><td><b>Url</b></td></tr><tr><td style="display: none">*</td><td><a href="http://himss19.ordersetsmanager.com/evidenceviewer/#/7CBBBE9B75E10232E05352E3610A5325/7CBBBE9B75F10232E05352E3610A5325">http://himss19.ordersetsmanager.com/evidenceviewer/#/7CBBBE9B75E10232E05352E3610A5325/7CBBBE9B75F10232E05352E3610A5325</a></td></tr></table></blockquote><p><b>kind</b>: ServiceRequest</p><p><b>code</b>: <span title="Codes:{http://snomed.info/sct 39155009}">Hypertension education</span></p></div>
  </text>
  <extension url="http://hl7.org/fhir/StructureDefinition/cqf-knowledgeCapability">
    <valueCode value="shareable"/>
  </extension>
  <extension url="http://hl7.org/fhir/StructureDefinition/cqf-knowledgeCapability">
    <valueCode value="computable"/>
  </extension>
  <extension url="http://hl7.org/fhir/StructureDefinition/cqf-knowledgeCapability">
    <valueCode value="publishable"/>
  </extension>
  <extension url="http://hl7.org/fhir/StructureDefinition/cqf-knowledgeRepresentationLevel">
    <valueCode value="structured"/>
  </extension>
  <url value="http://hl7.org/fhir/uv/cpg/ckd/ActivityDefinition/cc-cpg-activity-edu-hypertension"/>
  <version value="1.0.0"/>
  <name value="EducationHighBloodPressure"/>
  <title value="Patient education: Managing Your High Blood Pressure (Hypertension)"/>
  <status value="active"/>
  <experimental value="true"/>
  <date value="2024-11-18T18:15:24+00:00"/>
  <publisher value="HL7 International - Clinical Decision Support WG"/>
  <contact>
    <name value="HL7 International - Clinical Decision Support WG"/>
    <telecom>
      <system value="url"/>
      <value value="http://www.hl7.org/Special/committees/dss/index.cfm"/>
    </telecom>
  </contact>
  <description value="Patient education: Managing Your High Blood Pressure (Hypertension)"/>
  <jurisdiction>
    <coding>
      <system value="http://unstats.un.org/unsd/methods/m49/m49.htm"/>
      <code value="001"/>
      <display value="World"/>
    </coding>
  </jurisdiction>
  <relatedArtifact>
    <type value="justification"/>
    <display value="To improve long-term outcomes, lifestyle modifications to&amp;nbsp;lower&amp;nbsp;blood pressure to less than 140/90 mmHg should be made for those who are NOT at high risk for cardiovascular disease.&#xA;&#xA;&amp;nbsp;&#xA;&#xA;The modifications include:&#xA;&#xA;&#xA;&#x9;Weight reduction, if indicated, and maintaining a healthy weight with body mass index (BMI) of 20 to 25&#xA;&#xA;&#xA;&#xA;&#x9;Reducing salt intake to 2 g per day of sodium, unless contraindicated&#xA;&#xA;&#xA;&#xA;&#x9;Following a regular exercise program aiming for at least 30 minutes, 5 times a week, depending on cardiovascular tolerance&#xA;&#xA;&#xA;&#xA;&#x9;Alcohol intake not more than 2 standard drinks per day for men and one standard drink per day for women"/>
    <citation value="Kidney Disease: Improving Global Outcomes (KDIGO) Blood Pressure Work Group. KDIGO clinical practice guideline for the management of blood pressure in chronic kidney disease. Kidney Int. 2012;2 (Suppl), 337-414. Source"/>
    <url value="http://himss19.ordersetsmanager.com/evidenceviewer/#/7CBBBE9B75E10232E05352E3610A5325/7CBBBE9B75F10232E05352E3610A5325"/>
    <document>
      <url value="http://himss19.ordersetsmanager.com/evidenceviewer/#/7CBBBE9B75E10232E05352E3610A5325/7CBBBE9B75F10232E05352E3610A5325"/>
    </document>
  </relatedArtifact>
  <kind value="ServiceRequest"/>
  <code>
    <coding>
      <system value="http://snomed.info/sct"/>
      <code value="39155009"/>
      <display value="Hypertension education (procedure)"/>
    </coding>
    <text value="Hypertension education"/>
  </code>
</ActivityDefinition>