<?xml version="1.0" encoding="UTF-8"?>

<PlanDefinition xmlns="http://hl7.org/fhir">
  <id value="cc-cpg-plan-ckd"/>
  <text>
    <status value="extensions"/><div xmlns="http://www.w3.org/1999/xhtml"><p class="res-header-id"><b>Generated Narrative: PlanDefinition cc-cpg-plan-ckd</b></p><a name="cc-cpg-plan-ckd"> </a><a name="hccc-cpg-plan-ckd"> </a><a name="cc-cpg-plan-ckd-en-US"> </a><p><b>CQF Knowledge capability</b>: shareable</p><p><b>CQF Knowledge capability</b>: computable</p><p><b>CQF Knowledge capability</b>: publishable</p><p><b>CQF knowledge representation level</b>: structured</p><p><b>url</b>: <a href="PlanDefinition-cc-cpg-plan-ckd.html">PlanDefinition Chronic Kidney Disease - Ambulatory Plan Definition</a></p><p><b>version</b>: 1.0.0</p><p><b>name</b>: ChronicKidneyDiseaseAmbulatory</p><p><b>title</b>: Chronic Kidney Disease - Ambulatory Plan Definition</p><p><b>type</b>: <span title="Codes:{http://terminology.hl7.org/CodeSystem/plan-definition-type order-set}">Order Set</span></p><p><b>status</b>: Active</p><p><b>experimental</b>: true</p><p><b>date</b>: 2024-11-18 18:20:09+0000</p><p><b>publisher</b>: HL7 International - Clinical Decision Support WG</p><p><b>contact</b>: HL7 International - Clinical Decision Support WG: <a href="http://www.hl7.org/Special/committees/dss/index.cfm">http://www.hl7.org/Special/committees/dss/index.cfm</a></p><p><b>description</b>: </p><div><p>Chronic Kidney Disease - Ambulatory</p>
</div><h3>UseContexts</h3><table class="grid"><tr><td style="display: none">-</td><td><b>Code</b></td><td><b>Value[x]</b></td></tr><tr><td style="display: none">*</td><td><a href="http://terminology.hl7.org/6.0.2/CodeSystem-usage-context-type.html#usage-context-type-focus">UsageContextType focus</a>: Clinical Focus</td><td><span title="Codes:{http://snomed.info/sct 709044004}">Chronic kidney disease (disorder)</span></td></tr></table><p><b>jurisdiction</b>: <span title="Codes:{http://unstats.un.org/unsd/methods/m49/m49.htm 001}">World</span></p><p><b>copyright</b>: </p><div><p>Copyright © Elsevier, and others.</p>
</div><p><b>topic</b>: <span title="Codes:{http://terminology.hl7.org/CodeSystem/definition-topic treatment}">Treatment</span></p><blockquote><p><b>relatedArtifact</b></p><p><b>type</b>: Justification</p><p><b>display</b>: SYNOPSIS - Chronic Kidney Disease


	
	KEY POINTS

	
		Decline in function of the kidney characterized by at least 3 months of reduced GFR (less than 60 mL/minute/ 1.73 m&amp;sup2;) or at least 3 months of structural or functional kidney damage
		Assessment of both GFR and albuminuria is necessary to diagnose chronic kidney disease and monitor disease progression
		GFR is most commonly estimated through measuring serum creatinine and the use of GFR estimating equations, either the Modification of Diet in Renal Disease Study equation or the Chronic Kidney Disease Epidemiology Collaboration equation
		Albuminuria is measured by urine albumin/creatinine ratio; greater than 30 mg/g indicates albuminuria
		Chronic kidney disease is commonly associated with hypertension, diabetes, and cardiovascular disease
		First line therapy includes ACE inhibitors and/or angiotensin II receptor blockers to reduce albuminuria and hypertension
		If left untreated, chronic kidney disease can progress to end-stage renal disease requiring dialysis or renal transplant
		
			Symptoms of end-stage renal disease (eg, pruritus, refractory electrolyte imbalances, metabolic acidosis, severe nausea, neurologic impairments) typically occur when GFR is 5 to 10 mL/minute/1.73 m&amp;sup2;
		
		
		Carefully monitor electrolyte levels, hemoglobin, parathyroid hormone levels, and sodium bicarbonate levels to detect complications of chronic kidney disease, including cardiovascular disease, anemia, bone mineral disease, and metabolic acidosis
	
	



	
	URGENT ACTION

	
		Hyperkalemia may require urgent treatment in patients being treated for chronic kidney disease
		
			Urgent treatment consists of calcium chloride or calcium gluconate and regimens of sodium bicarbonate, glucose and insulin, or nebulized albuterol
		
		
	
	



	
	PITFALLS

	
		Early stages are often asymptomatic, causing chronic kidney disease to be untreated, leading to further progression of kidney damage and worse prognosis</p><p><b>citation</b>: </p><div><p>Chronic Kidney Disease Clinical Overview. ClinicalKey. Source</p>
</div><p><b>url</b>: <a href="http://himss19.ordersetsmanager.com/evidenceviewer/#/7CBBBE9B75E10232E05352E3610A5325/7CBBBE9B75E10232E05352E3610A5325">http://himss19.ordersetsmanager.com/evidenceviewer/#/7CBBBE9B75E10232E05352E3610A5325/7CBBBE9B75E10232E05352E3610A5325</a></p><h3>Documents</h3><table class="grid"><tr><td style="display: none">-</td><td><b>Url</b></td></tr><tr><td style="display: none">*</td><td><a href="http://himss19.ordersetsmanager.com/evidenceviewer/#/7CBBBE9B75E10232E05352E3610A5325/7CBBBE9B75E10232E05352E3610A5325">http://himss19.ordersetsmanager.com/evidenceviewer/#/7CBBBE9B75E10232E05352E3610A5325/7CBBBE9B75E10232E05352E3610A5325</a></td></tr></table></blockquote><p><b>library</b>: <a href="Library-CKDRiskLogic.html">Chronic Kidney Disease (CKD) risk screening logic</a></p><blockquote><p><b>action</b></p><blockquote><p><b>id</b></p>34387235</blockquote><p><b>title</b>: Assessment Scales</p><p><b>groupingBehavior</b>: Visual Group</p><blockquote><p><b>action</b></p><blockquote><p><b>id</b></p>34387238</blockquote><p><b>title</b>: GFR Equations and Classification according to GFR Category</p><p><b>description</b>: Nonorderable narrative</p><p><b>textEquivalent</b>: GFR Equations and Classification according to GFR Category</p><blockquote><p><b>documentation</b></p><p><b>type</b>: Justification</p><p><b>display</b>: Obtain serum creatinine for evaluation of GFR


	Estimate GFR from serum creatinine using 1 of 2 equations
	
		Chronic Kidney Disease Epidemiology Collaboration equation is preferred for reporting estimated GFR; more accurately represents true GFR, especially at GFR above 60 mL/minute/1.73 m&amp;sup2;
		Modification of Diet in Renal Disease equation underestimates true GFR in patients with GFR above 60 mL/minute/1.73 m&amp;sup2;
		
			Less accurate than the Chronic Kidney Disease Epidemiology Collaboration equation, though still widely used by many laboratories
		
		
		A GFR calculator (using the Chronic Kidney Disease Epidemiology Collaboration equation) is available from the&amp;nbsp;National Kidney Foundation&amp;nbsp;and the&amp;nbsp;National Institute of Diabetes and Digestive and Kidney Diseases
	
	



	Gold standard is to measure clearance of continuously infused inulin over 24 hours; however, this is neither practical nor cost effective



	If GFR is suspected to be inaccurate (eg, severe malnutrition, paraplegia, amputated extremity) testing involves a 24-hour urine collection


&amp;nbsp;

GFR equations


	Chronic Kidney Disease Epidemiology Collaboration equation43

	
		GFR (mL/minute/1.73 m&amp;sup2;) = 141 &amp;times; min(Scr/&amp;kappa;, 1)^&amp;alpha; &amp;times; max(Scr/&amp;kappa;, 1)^-1.209 &amp;times; 0.993^Age &amp;times; 1.018 [if female] &amp;times; 1.159 [if black]
		
			Scr = serum creatinine
			&amp;kappa; = 61.9 for females and 79.6 for males
			&amp;alpha; = -0.329 for females and -0.411 for males
			Min indicates the minimum of Scr/&amp;kappa; or 1
			Max indicates the maximum of Scr/&amp;kappa; or 1
		
		
	
	



	Modification of Diet in Renal Disease equation
	
		GFR (mL/minute/1.73 m&amp;sup2;) = 175 &amp;times; (Scr)^-1.154 &amp;times; (age)^-0.203 &amp;times; 0.742 [if female] &amp;times; 1.212 [if black]
	
	


&amp;nbsp;

Classification according to GFR category


	G1: normal or high renal function
	
		GFR: greater than 90 mL/minute/1.73 m&amp;sup2;
	
	



	G2: mildly decreased renal function
	
		GFR: 60 to 89 mL/minute/1.73 m&amp;sup2;
	
	



	G3a: mildly to moderately decreased renal function
	
		GFR: 45 to 59 mL/minute/1.73 m&amp;sup2;
	
	



	G3b: moderately to severely decreased renal function
	
		GFR: 30 to 44 mL/minute/1.73 m&amp;sup2;
	
	



	G4: severely decreased renal function
	
		GFR: 15 to 29 mL/minute/1.73 m&amp;sup2;
	
	



	G5: kidney failure
	
		GFR: less than 15 mL/minute/1.73 m&amp;sup2;
	
	



	Combined GFR and albuminuria stage more accurately denotes the risk of progression of chronic kidney disease


&amp;nbsp;

Verify chronicity of kidney disease


	If GFR less than 60 mL/minute/1.73 m&amp;sup2; (GFR categories G3a-G5) or markers of kidney damage present, review history and previous measurements to determine duration of kidney disease
	
		If duration is greater than 3 months, chronic kidney disease is confirmed
		If duration is less than 3 months or unclear, chronic kidney disease is not confirmed; patients may have chronic kidney disease or acute kidney diseases (including acute kidney injury) or both, and tests should be repeated accordingly</p><p><b>citation</b>: </p><div><p>Chronic Kidney Disease Clinical Overview. ClinicalKey. Source</p>
</div><p><b>url</b>: <a href="http://himss19.ordersetsmanager.com/evidenceviewer/#/7CBBBE9B75E10232E05352E3610A5325/7CBBBE9B75E80232E05352E3610A5325">http://himss19.ordersetsmanager.com/evidenceviewer/#/7CBBBE9B75E10232E05352E3610A5325/7CBBBE9B75E80232E05352E3610A5325</a></p><h3>Documents</h3><table class="grid"><tr><td style="display: none">-</td><td><b>Url</b></td></tr><tr><td style="display: none">*</td><td><a href="http://himss19.ordersetsmanager.com/evidenceviewer/#/7CBBBE9B75E10232E05352E3610A5325/7CBBBE9B75E80232E05352E3610A5325">http://himss19.ordersetsmanager.com/evidenceviewer/#/7CBBBE9B75E10232E05352E3610A5325/7CBBBE9B75E80232E05352E3610A5325</a></td></tr></table></blockquote><p><b>requiredBehavior</b>: Could</p><p><b>precheckBehavior</b>: No</p></blockquote></blockquote><blockquote><p><b>action</b></p><blockquote><p><b>id</b></p>34387242</blockquote><p><b>title</b>: General Care</p><p><b>groupingBehavior</b>: Visual Group</p><blockquote><p><b>action</b></p><blockquote><p><b>id</b></p>34387243</blockquote><p><b>title</b>: Patient Education</p><blockquote><p><b>documentation</b></p><p><b>type</b>: Justification</p><p><b>display</b>: To improve long-term outcomes, lifestyle modifications to&amp;nbsp;lower&amp;nbsp;blood pressure to less than 140/90 mmHg should be made for those who are NOT at high risk for cardiovascular disease.

&amp;nbsp;

The modifications include:


	Weight reduction, if indicated, and maintaining a healthy weight with body mass index (BMI) of 20 to 25



	Reducing salt intake to 2 g per day of sodium, unless contraindicated



	Following a regular exercise program aiming for at least 30 minutes, 5 times a week, depending on cardiovascular tolerance



	Alcohol intake not more than 2 standard drinks per day for men and one standard drink per day for women</p><p><b>citation</b>: </p><div><p>Kidney Disease: Improving Global Outcomes (KDIGO) Blood Pressure Work Group. KDIGO clinical practice guideline for the management of blood pressure in chronic kidney disease. Kidney Int. 2012;2 (Suppl), 337-414. Source</p>
</div><p><b>url</b>: <a href="http://himss19.ordersetsmanager.com/evidenceviewer/#/7CBBBE9B75E10232E05352E3610A5325/7CBBBE9B75ED0232E05352E3610A5325">http://himss19.ordersetsmanager.com/evidenceviewer/#/7CBBBE9B75E10232E05352E3610A5325/7CBBBE9B75ED0232E05352E3610A5325</a></p><h3>Documents</h3><table class="grid"><tr><td style="display: none">-</td><td><b>Url</b></td></tr><tr><td style="display: none">*</td><td><a href="http://himss19.ordersetsmanager.com/evidenceviewer/#/7CBBBE9B75E10232E05352E3610A5325/7CBBBE9B75ED0232E05352E3610A5325">http://himss19.ordersetsmanager.com/evidenceviewer/#/7CBBBE9B75E10232E05352E3610A5325/7CBBBE9B75ED0232E05352E3610A5325</a></td></tr></table></blockquote><p><b>groupingBehavior</b>: Visual Group</p><blockquote><p><b>action</b></p><blockquote><p><b>id</b></p>cc-cpg-activity-edu-hypertension</blockquote><p><b>title</b>: Patient education: Managing Your High Blood Pressure (Hypertension)</p><p><b>description</b>: General Care</p><p><b>requiredBehavior</b>: Could</p><p><b>precheckBehavior</b>: No</p><p><b>definition</b>: <a href="ActivityDefinition-cc-cpg-activity-edu-hypertension.html">Patient education: Managing Your High Blood Pressure (Hypertension)</a></p></blockquote><blockquote><p><b>action</b></p><blockquote><p><b>id</b></p>cc-cpg-activity-edu-renal-diet</blockquote><p><b>title</b>: Patient education: Renal diet</p><p><b>description</b>: General Care</p><p><b>requiredBehavior</b>: Could</p><p><b>precheckBehavior</b>: No</p><p><b>definition</b>: <a href="ActivityDefinition-cc-cpg-activity-edu-renal-diet.html">Patient education: Renal diet</a></p></blockquote></blockquote></blockquote><blockquote><p><b>action</b></p><blockquote><p><b>id</b></p>34387251</blockquote><p><b>title</b>: Medications</p><blockquote><p><b>documentation</b></p><p><b>type</b>: Justification</p><p><b>display</b>: Drug therapy


	Select drug dosages based on GFR, and carefully monitor kidney function when prescribing nephrotoxic medications, as change in renal function alters drug metabolism



	Consult the Kidney Disease: Improving Global Outcomes Conference report for detailed dosing considerations and strategies for acute and chronic kidney disease



	Considerations for drugs commonly used by patients with chronic kidney disease
	
		ACE inhibitors
		
			Used to reduce blood pressure in the kidneys and reduce albuminurin
			Dual therapy with angiotensin receptor blockers is not recommended
			Use lower dose in patients with GFR less than 45 mL/minute/1.73 m&amp;sup2;; do not routinely discontinue when GFR is less than 30 mL/minute/1.73 m&amp;sup2; (remains nephroprotective)
			Follow serum potassium
		
		
		Angiotensin receptor blockers
		
			Used to reduce blood pressure in the kidneys and reduce albuminuria
			Dual therapy with ACE inhibitor is not recommended
			Use lower dose in patients with GFR less than 45 mL/minute/1.73 m&amp;sup2;; do not routinely discontinue when GFR is less than 30 mL/minute/1.73 m&amp;sup2; (remains nephroprotective)
			Follow serum potassium
		
		
		Calcium channel blockers
		
			Can be used in combination with ACE inhibitor or angiotensin receptor blocker to control hypertension
			3 main classes
			
				Benzothiazepines (diltiazem)
				
					Preferred over dihydropyridines because of an antiproteinuric effect
				
				
				Phenylalkylamines (verapamil)
				
					Preferred over dihydropyridines because it has an antiproteinuric effect (no clear indication to discriminate use of benzothiazepines versus phenylalkylamines)
				
				
				Dihydropyridines (eg, nifedipine, amlodipine)
			
			
			Avoid prescribing calcium channel blockers without ACE inhibitor or angiotensin II receptor blocker, as sole use can lead to increased hyperfiltration and increased albuminuria
		
		
		Aldosterone receptor antagonists
		
			Spironolactone (nonselective)
			
				Carefully monitor for hyperkalemia
			
			
			Eplerenone (selective)
			
				Carefully monitor for hyperkalemia
			
			
		
		
		Antidiabetic agents
		
			Choice of therapy depends on type of diabetes, degree of glycemic control needed, and level of current kidney function
			Insulin
			
				May need dose reduction when GFR is less than 30 mL/minute/1.73 m&amp;sup2; to avoid hypoglycemia as insulin is partly renally excreted
				No evidence-based guidelines or recommendations exist specifying which types of insulin to use or avoid depending on severity of chronic kidney disease
			
			
			Sulfonylureas
			
				First-generation sulfonylureas are contraindicated as they are affected by kidney function and increase risks of hypoglycemia
				Glipizide
				
					Second-generation sulfonylurea; preferred in patients with chronic kidney disease as it is metabolized primarily in the liver
				
				
			
			
			Biguanides
			
				Metformin
				
					Relatively contraindicated when GFR is less than 30 mL/minute/1.73 m&amp;sup2; as there is a risk of lactic acidosis; consider risk-benefit if GFR is stable
				
				
			
			
		
		
		Diuretics
		
			Monitor for hyperkalemia and hypotension as diuretics can cause fluid imbalance resulting in electrolyte level disparities
			Thiazide
			
				Once daily recommended in patients with GFR of 30 mL/minute/1.73 m&amp;sup2; or higher (categories G1-G3)
			
			
			Loop diuretics
			
				Once or twice daily recommended in patients with GFR less than 30 mL/minute/1.73 m&amp;sup2; (categories G4-G5)
			
			
		
		
		Analgesics
		
			Acetaminophen is the analgesic recommended for short-term treatment of mild to moderate pain in patients with stages 3 to 5 chronic kidney disease; considered analgesic of choice for all patients with chronic kidney disease
			NSAIDs may be used for short-term therapy in patients up to stage 3 chronic kidney disease, with regular monitoring of renal function</p><p><b>citation</b>: </p><div><p>Chronic Kidney Disease Clinical Overview. ClinicalKey. Source</p>
</div><p><b>url</b>: <a href="http://himss19.ordersetsmanager.com/evidenceviewer/#/7CBBBE9B75E10232E05352E3610A5325/7CBBBE9B75F50232E05352E3610A5325">http://himss19.ordersetsmanager.com/evidenceviewer/#/7CBBBE9B75E10232E05352E3610A5325/7CBBBE9B75F50232E05352E3610A5325</a></p><h3>Documents</h3><table class="grid"><tr><td style="display: none">-</td><td><b>Url</b></td></tr><tr><td style="display: none">*</td><td><a href="http://himss19.ordersetsmanager.com/evidenceviewer/#/7CBBBE9B75E10232E05352E3610A5325/7CBBBE9B75F50232E05352E3610A5325">http://himss19.ordersetsmanager.com/evidenceviewer/#/7CBBBE9B75E10232E05352E3610A5325/7CBBBE9B75F50232E05352E3610A5325</a></td></tr></table></blockquote><p><b>groupingBehavior</b>: Visual Group</p><blockquote><p><b>action</b></p><blockquote><p><b>id</b></p>34387256</blockquote><p><b>title</b>: Antihypertensives</p><blockquote><p><b>documentation</b></p><p><b>type</b>: Justification</p><p><b>display</b>: According to the Joint National Committee-8, establish a target blood pressure of 140/90 mmHg for patients with&amp;nbsp;chronic kidney disease patients (expert opinion, grade E).&amp;nbsp;&amp;nbsp;


	According to the American College of Physicians,&amp;nbsp;select either an ACE&amp;nbsp;inhibitor (moderate-quality evidence) or an angiotensin II-receptor blocker (high-quality evidence) for patients with hypertension and stage 1 to 3 chronic kidney disease.
	After starting an ACE&amp;nbsp;inhibitor, measure the short-term follow-up creatinine level&amp;nbsp;and use the results to prompt further attention if it shows a rise of greater than 30%.
	
		Consider alternative causes of acute kidney injury as well as renal artery stenosis.
		Consider stopping the ACE inhibitor or&amp;nbsp;angiotensin II receptor blocker​&amp;nbsp;medication.</p><p><b>citation</b>: </p><div><p>Kidney Disease: Improving Global Outcomes (KDIGO) Blood Pressure Work Group. KDIGO clinical practice guideline for the management of blood pressure in chronic kidney disease. Kidney Int. 2012;2 (Suppl), 337-414. Source</p>
<p>Qaseem A, Hopkins, RH Jr, et al. Screening, monitoring, and treatment of stage 1 to 3 chronic kidney disease: a clinical practice guideline from the American College of Physicians. Ann Intern Med. 2013;Source</p>
<p>James P, Oparil S, Carter B, et al. 2014 Evidence-Based Guideline for the Management of High Blood Pressure in Adults. Report From the Panel Members Appointed to the Eighth Joint National Committee (JNC 8). JAMA. 2014;311(5), 507-520. Source</p>
</div><p><b>url</b>: <a href="http://himss19.ordersetsmanager.com/evidenceviewer/#/7CBBBE9B75E10232E05352E3610A5325/7CBBBE9B75FA0232E05352E3610A5325">http://himss19.ordersetsmanager.com/evidenceviewer/#/7CBBBE9B75E10232E05352E3610A5325/7CBBBE9B75FA0232E05352E3610A5325</a></p><h3>Documents</h3><table class="grid"><tr><td style="display: none">-</td><td><b>Url</b></td></tr><tr><td style="display: none">*</td><td><a href="http://himss19.ordersetsmanager.com/evidenceviewer/#/7CBBBE9B75E10232E05352E3610A5325/7CBBBE9B75FA0232E05352E3610A5325">http://himss19.ordersetsmanager.com/evidenceviewer/#/7CBBBE9B75E10232E05352E3610A5325/7CBBBE9B75FA0232E05352E3610A5325</a></td></tr></table></blockquote><p><b>groupingBehavior</b>: Visual Group</p><blockquote><p><b>action</b></p><blockquote><p><b>id</b></p>34387257</blockquote><p><b>title</b>: Enalapril Oral Tablet; 10 mg 1 time a day (dispense 30 tablet(s); 3 refills)</p><p><b>description</b>: Formulary</p><p><b>requiredBehavior</b>: Could</p><p><b>precheckBehavior</b>: No</p></blockquote><blockquote><p><b>action</b></p><blockquote><p><b>id</b></p>34387258</blockquote><p><b>title</b>: Lisinopril 20 MG Oral Tablet; 1 tablet(s) 1 time a day (dispense 30 tablet(s); 3 refills)</p><p><b>description</b>: Formulary</p><p><b>requiredBehavior</b>: Could</p><p><b>precheckBehavior</b>: No</p></blockquote></blockquote><blockquote><p><b>action</b></p><blockquote><p><b>id</b></p>34387261</blockquote><p><b>title</b>: Antilipemics</p><p><b>groupingBehavior</b>: Visual Group</p><blockquote><p><b>action</b></p><blockquote><p><b>id</b></p>34387264</blockquote><p><b>title</b>: Simvastatin Oral Tablet; 5 mg 1 time a day (dispense 30 tablet(s); 3 refills)</p><p><b>description</b>: Formulary</p><p><b>requiredBehavior</b>: Could</p><p><b>precheckBehavior</b>: No</p></blockquote></blockquote><blockquote><p><b>action</b></p><blockquote><p><b>id</b></p>34387265</blockquote><p><b>title</b>: Diuretics</p><blockquote><p><b>documentation</b></p><p><b>type</b>: Justification</p><p><b>display</b>: Consider using thiazides&amp;nbsp;as diuretics in patients with early stages of chronic kidney disease.


	When&amp;nbsp;GFR falls below 30-50&amp;nbsp;mL/minute/1.73 m2, thiazides as less effective.



	Give loop diuretics once or twice daily to&amp;nbsp;patients with GFR&amp;nbsp;less than 30 mL/minute/1.73 m2 (chronic kidney disease stages 4-5).



	Instruct patients to follow a low-sodium diet in addition to using diuretics to optimize&amp;nbsp;volume status.



	Limit the use of potassium-sparing diuretics, such as triamterene and amiloride, in patients with chronic kidney disease because of the risk of hyperkalemia.</p><p><b>citation</b>: </p><div><p>Kidney Disease: Improving Global Outcomes (KDIGO) Blood Pressure Work Group. KDIGO clinical practice guideline for the management of blood pressure in chronic kidney disease. Kidney Int. 2012;2 (Suppl), 337-414. Source</p>
</div><p><b>url</b>: <a href="http://himss19.ordersetsmanager.com/evidenceviewer/#/7CBBBE9B75E10232E05352E3610A5325/7CBBBE9B76030232E05352E3610A5325">http://himss19.ordersetsmanager.com/evidenceviewer/#/7CBBBE9B75E10232E05352E3610A5325/7CBBBE9B76030232E05352E3610A5325</a></p><h3>Documents</h3><table class="grid"><tr><td style="display: none">-</td><td><b>Url</b></td></tr><tr><td style="display: none">*</td><td><a href="http://himss19.ordersetsmanager.com/evidenceviewer/#/7CBBBE9B75E10232E05352E3610A5325/7CBBBE9B76030232E05352E3610A5325">http://himss19.ordersetsmanager.com/evidenceviewer/#/7CBBBE9B75E10232E05352E3610A5325/7CBBBE9B76030232E05352E3610A5325</a></td></tr></table></blockquote><p><b>groupingBehavior</b>: Visual Group</p><blockquote><p><b>action</b></p><blockquote><p><b>id</b></p>34387266</blockquote><p><b>title</b>: Furosemide Oral Tablet; 20 mg 1 time a day (dispense 30 tablet(s); 3 refills)</p><p><b>description</b>: Formulary</p><p><b>requiredBehavior</b>: Could</p><p><b>precheckBehavior</b>: No</p></blockquote></blockquote></blockquote><blockquote><p><b>action</b></p><blockquote><p><b>id</b></p>34387287</blockquote><p><b>title</b>: Laboratory</p><p><b>groupingBehavior</b>: Visual Group</p><blockquote><p><b>action</b></p><blockquote><p><b>id</b></p>34387288</blockquote><p><b>title</b>: Chemistry</p><blockquote><p><b>documentation</b></p><p><b>type</b>: Justification</p><p><b>display</b>: Electrolyte analysis


	Abnormalities of electrolytes and other solutes suggest disorders of renal tubular reabsorption and secretion



	Persistent abnormalities (lasting more than 3 months) in serum phosphate, potassium, parathyroid hormone, or calcium levels indicate decreased renal function associated with chronic kidney disease
	
		Potassium: greater than 5.5 mEq/L indicative of hyperkalemia or less than 4.0 mEq/L indicating hypokalemia
		Parathyroid hormone: results greater than 65 pg/mL are above the reference range
		Calcium: less than 8.4 mg/dL is below the reference range
		Phosphorus: less than 4.6 mg/dL is below the reference range
	
	


&amp;nbsp;

Provide management of electrolyte disturbances


	Hyperkalemia and hypokalemia
	
		High (greater than 5.5 mEq/L)&amp;nbsp;or&amp;nbsp;low (less than 4 mEq/L)&amp;nbsp;potassium levels are associated with increased mortality for patients with chronic kidney disease
		Patients with chronic kidney disease have a high risk of developing hyperkalemia, which can cause cardiac arrhythmias and sudden death
		
			8% to 73% of patients with chronic kidney disease develop hyperkalemia compared to 2.6% to 3.2% in the general population
		
		
		Patients with hypokalemia have an 82% increased risk of reaching end-stage renal disease
	
	



	Hyperphosphatemia
	
		Target serum phosphorus is 2.7 to 4.6 mg/dL for categories G3 and G4, and 3.5 to 5.5 mg/dL for category G5
		Reduce phosphorus intake and consult nephrologist for treatment with phosphate binders
	
	


&amp;nbsp;


	Guideline recommends&amp;nbsp;monitoring serum levels of calcium, phosphate, PTH, and alkaline phosphatase activity beginning in CKD G3a (Level of recommendation: 1C). In children, we suggest such monitoring beginning in CKD G2 (Level of recommendation: 2D).
	In patients with CKD G3a&amp;ndash;G5D, it is reasonable to base the frequency of monitoring serum calcium, phosphate, and PTH on the presence and magnitude of abnormalities, and the rate of progression of CKD(Level of recommendation: Not Graded).
	
		Reasonable monitoring intervals would be:
		
			&amp;nbsp;In CKD G3a&amp;ndash;G3b: for serum calcium and phosphate, every 6&amp;ndash;12 months; and for PTH, based on baseline level and CKD progression.
			&amp;nbsp;In CKD G4: for serum calcium and phosphate, every 3&amp;ndash;6 months; and for PTH, every 6&amp;ndash;12 months.
			&amp;nbsp;In CKD G5, including G5D: for serum calcium and phosphate, every 1&amp;ndash;3 months; and for PTH, every 3&amp;ndash;6 months.
			&amp;nbsp;In CKD G4&amp;ndash;G5D: for alkaline phosphatase activity, every 12 months, or more frequently in the presence of elevated PTH.
		
		
	
	
	In CKD patients receiving treatments for CKD-MBD, or in whom biochemical abnormalities are identified, it is reasonable to increase the frequency of measurements to monitor for trends and treatment efficacy and side effects (Level of recommendation: Not Graded).</p><p><b>citation</b>: </p><div><p>KDIGO Board. KDIGO 2017 Clinical Practice Guideline Update for the Diagnosis, Evaluation, Prevention, and Treatment of Chronic Kidney Disease–Mineral and Bone Disorder (CKD-MBD). Kidney Int Suppl. 2017;7(1), 1-59. Source</p>
<p>Chronic Kidney Disease Clinical Overview. ClinicalKey. Source</p>
</div><p><b>url</b>: <a href="http://himss19.ordersetsmanager.com/evidenceviewer/#/7CBBBE9B75E10232E05352E3610A5325/7CBBBE9B761A0232E05352E3610A5325">http://himss19.ordersetsmanager.com/evidenceviewer/#/7CBBBE9B75E10232E05352E3610A5325/7CBBBE9B761A0232E05352E3610A5325</a></p><h3>Documents</h3><table class="grid"><tr><td style="display: none">-</td><td><b>Url</b></td></tr><tr><td style="display: none">*</td><td><a href="http://himss19.ordersetsmanager.com/evidenceviewer/#/7CBBBE9B75E10232E05352E3610A5325/7CBBBE9B761A0232E05352E3610A5325">http://himss19.ordersetsmanager.com/evidenceviewer/#/7CBBBE9B75E10232E05352E3610A5325/7CBBBE9B761A0232E05352E3610A5325</a></td></tr></table></blockquote><p><b>groupingBehavior</b>: Visual Group</p><blockquote><p><b>action</b></p><blockquote><p><b>id</b></p>cc-cpg-activity-lab-metabolic</blockquote><p><b>title</b>: Lab: Comprehensive Metabolic Panel, Once</p><p><b>description</b>: Laboratory</p><p><b>requiredBehavior</b>: Could</p><p><b>precheckBehavior</b>: No</p><p><b>definition</b>: <a href="ActivityDefinition-cc-cpg-activity-lab-metabolic.html">Lab: Comprehensive Metabolic Panel, Once</a></p></blockquote></blockquote><blockquote><p><b>action</b></p><blockquote><p><b>id</b></p>34387206</blockquote><p><b>title</b>: Urine</p><blockquote><p><b>documentation</b></p><p><b>type</b>: Justification</p><p><b>display</b>: For patients with a positive dipstick test&amp;nbsp;(1+ or greater), perform&amp;nbsp;confirmation of proteinuria by a quantitative measurement (protein-to-creatinine ratio or albumin-to-creatinine ratio) within 3 months.

&amp;nbsp;

When screening adults at increased risk for chronic kidney disease, measure albumin&amp;nbsp;in a spot urine sample using either of the following:&amp;nbsp;


	Albumin-specific dipstick



	Albumin-to-creatinine ratio


When monitoring proteinuria in adults with chronic kidney disease, measure the protein-to-creatinine ratio in spot urine samples using:&amp;nbsp;


	​Albumin-to-creatinine ratio



	Total protein-to-creatinine, only if albumin-to-creatinine ratio is more than 500-1000 mg/g&amp;nbsp;(57-113 mg/mmol)</p><p><b>citation</b>: </p><div><p>Kidney Disease: Improving Global Outcomes (KDIGO) CKD Work Group. KDIGO 2012 Clinical Practice Guideline for the Evaluation and Management of Chronic Kidney Disease. Kidney Inter. 2013;Suppl 3, 1-150. Source</p>
</div><p><b>url</b>: <a href="http://himss19.ordersetsmanager.com/evidenceviewer/#/7CBBBE9B75E10232E05352E3610A5325/7CBBBE9B75C80232E05352E3610A5325">http://himss19.ordersetsmanager.com/evidenceviewer/#/7CBBBE9B75E10232E05352E3610A5325/7CBBBE9B75C80232E05352E3610A5325</a></p><h3>Documents</h3><table class="grid"><tr><td style="display: none">-</td><td><b>Url</b></td></tr><tr><td style="display: none">*</td><td><a href="http://himss19.ordersetsmanager.com/evidenceviewer/#/7CBBBE9B75E10232E05352E3610A5325/7CBBBE9B75C80232E05352E3610A5325">http://himss19.ordersetsmanager.com/evidenceviewer/#/7CBBBE9B75E10232E05352E3610A5325/7CBBBE9B75C80232E05352E3610A5325</a></td></tr></table></blockquote><p><b>groupingBehavior</b>: Visual Group</p><blockquote><p><b>action</b></p><blockquote><p><b>id</b></p>cc-cpg-activity-lab-creatinine</blockquote><p><b>title</b>: Lab: Creatinine, Urine Random, Once</p><p><b>description</b>: Laboratory</p><p><b>requiredBehavior</b>: Could</p><p><b>precheckBehavior</b>: No</p><p><b>definition</b>: <a href="ActivityDefinition-cc-cpg-activity-lab-creatinine.html">Lab: Creatinine, Urine Random, Once</a></p></blockquote></blockquote></blockquote><blockquote><p><b>action</b></p><blockquote><p><b>id</b></p>34387217</blockquote><p><b>title</b>: Radiology</p><p><b>groupingBehavior</b>: Visual Group</p><blockquote><p><b>action</b></p><blockquote><p><b>id</b></p>cc-cpg-activity-ultrasound-renal</blockquote><p><b>title</b>: Ultrasound</p><p><b>groupingBehavior</b>: Visual Group</p><blockquote><p><b>action</b></p><blockquote><p><b>id</b></p>34387219</blockquote><p><b>title</b>: Ultrasound, Renal; History: [add diagnosis, symptom(s)]; Question: [add reason for exam]</p><p><b>description</b>: Imaging Studies</p><p><b>requiredBehavior</b>: Could</p><p><b>precheckBehavior</b>: No</p><p><b>definition</b>: <a href="ActivityDefinition-cc-cpg-activity-ultrasound-renal.html">Ultrasound, Renal; History: [add diagnosis, symptom(s)]; Question: [add reason for exam]</a></p></blockquote></blockquote></blockquote><blockquote><p><b>action</b></p><blockquote><p><b>id</b></p>cc-cpg-activity-referral-nephrology</blockquote><p><b>title</b>: Referrals</p><p><b>groupingBehavior</b>: Visual Group</p><blockquote><p><b>action</b></p><blockquote><p><b>id</b></p>34387224</blockquote><p><b>title</b>: Referral: Nephrology; History: [add diagnosis, symptom(s)]; Question: [add reason for referral]</p><p><b>description</b>: Referrals</p><p><b>requiredBehavior</b>: Could</p><p><b>precheckBehavior</b>: No</p><p><b>definition</b>: <a href="ActivityDefinition-cc-cpg-activity-referral-nephrology.html">Referral: Nephrology; History: [add diagnosis, symptom(s)]; Question: [add reason for referral]</a></p></blockquote><blockquote><p><b>action</b></p><blockquote><p><b>id</b></p>cc-cpg-activity-referral-dietition</blockquote><p><b>title</b>: Referral: Dietitian; History: chronic kidney disease; Question: [add reason for referral]</p><p><b>description</b>: Referrals</p><p><b>requiredBehavior</b>: Could</p><p><b>precheckBehavior</b>: No</p><p><b>definition</b>: <a href="ActivityDefinition-cc-cpg-activity-referral-dietition.html">Referral: Dietitian; History: chronic kidney disease; Question: [add reason for referral]</a></p></blockquote></blockquote></div>
  </text>
  <extension url="http://hl7.org/fhir/StructureDefinition/cqf-knowledgeCapability">
    <valueCode value="shareable"/>
  </extension>
  <extension url="http://hl7.org/fhir/StructureDefinition/cqf-knowledgeCapability">
    <valueCode value="computable"/>
  </extension>
  <extension url="http://hl7.org/fhir/StructureDefinition/cqf-knowledgeCapability">
    <valueCode value="publishable"/>
  </extension>
  <extension url="http://hl7.org/fhir/StructureDefinition/cqf-knowledgeRepresentationLevel">
    <valueCode value="structured"/>
  </extension>
  <url value="http://cqframework.org/cpg-example-ckd/PlanDefinition/cc-cpg-plan-ckd"/>
  <version value="1.0.0"/>
  <name value="ChronicKidneyDiseaseAmbulatory"/>
  <title value="Chronic Kidney Disease - Ambulatory Plan Definition"/>
  <type>
    <coding>
      <system value="http://terminology.hl7.org/CodeSystem/plan-definition-type"/>
      <code value="order-set"/>
      <display value="Order Set"/>
    </coding>
  </type>
  <status value="active"/>
  <experimental value="true"/>
  <date value="2024-11-18T18:20:09+00:00"/>
  <publisher value="HL7 International - Clinical Decision Support WG"/>
  <contact>
    <name value="HL7 International - Clinical Decision Support WG"/>
    <telecom>
      <system value="url"/>
      <value value="http://www.hl7.org/Special/committees/dss/index.cfm"/>
    </telecom>
  </contact>
  <description value="Chronic Kidney Disease - Ambulatory"/>
  <useContext>
    <code>
      <system value="http://terminology.hl7.org/CodeSystem/usage-context-type"/>
      <code value="focus"/>
      <display value="Clinical Focus"/>
    </code>
    <valueCodeableConcept>
      <coding>
        <system value="http://snomed.info/sct"/>
        <code value="709044004"/>
        <display value="Chronic kidney disease (disorder)"/>
      </coding>
    </valueCodeableConcept>
  </useContext>
  <jurisdiction>
    <coding>
      <system value="http://unstats.un.org/unsd/methods/m49/m49.htm"/>
      <code value="001"/>
      <display value="World"/>
    </coding>
  </jurisdiction>
  <copyright value="Copyright © Elsevier, and others."/>
  <topic>
    <coding>
      <system value="http://terminology.hl7.org/CodeSystem/definition-topic"/>
      <code value="treatment"/>
      <display value="Treatment"/>
    </coding>
    <text value="Treatment"/>
  </topic>
  <relatedArtifact>
    <type value="justification"/>
    <display value="SYNOPSIS - Chronic Kidney Disease&#xA;&#xA;&#xA;&#x9;&#xA;&#x9;KEY POINTS&#xA;&#xA;&#x9;&#xA;&#x9;&#x9;Decline in function of the kidney characterized by at least 3 months of reduced GFR (less than 60 mL/minute/ 1.73 m&amp;sup2;) or at least 3 months of structural or functional kidney damage&#xA;&#x9;&#x9;Assessment of both GFR and albuminuria is necessary to diagnose chronic kidney disease and monitor disease progression&#xA;&#x9;&#x9;GFR is most commonly estimated through measuring serum creatinine and the use of GFR estimating equations, either the Modification of Diet in Renal Disease Study equation or the Chronic Kidney Disease Epidemiology Collaboration equation&#xA;&#x9;&#x9;Albuminuria is measured by urine albumin/creatinine ratio; greater than 30 mg/g indicates albuminuria&#xA;&#x9;&#x9;Chronic kidney disease is commonly associated with hypertension, diabetes, and cardiovascular disease&#xA;&#x9;&#x9;First line therapy includes ACE inhibitors and/or angiotensin II receptor blockers to reduce albuminuria and hypertension&#xA;&#x9;&#x9;If left untreated, chronic kidney disease can progress to end-stage renal disease requiring dialysis or renal transplant&#xA;&#x9;&#x9;&#xA;&#x9;&#x9;&#x9;Symptoms of end-stage renal disease (eg, pruritus, refractory electrolyte imbalances, metabolic acidosis, severe nausea, neurologic impairments) typically occur when GFR is 5 to 10 mL/minute/1.73 m&amp;sup2;&#xA;&#x9;&#x9;&#xA;&#x9;&#x9;&#xA;&#x9;&#x9;Carefully monitor electrolyte levels, hemoglobin, parathyroid hormone levels, and sodium bicarbonate levels to detect complications of chronic kidney disease, including cardiovascular disease, anemia, bone mineral disease, and metabolic acidosis&#xA;&#x9;&#xA;&#x9;&#xA;&#xA;&#xA;&#xA;&#x9;&#xA;&#x9;URGENT ACTION&#xA;&#xA;&#x9;&#xA;&#x9;&#x9;Hyperkalemia may require urgent treatment in patients being treated for chronic kidney disease&#xA;&#x9;&#x9;&#xA;&#x9;&#x9;&#x9;Urgent treatment consists of calcium chloride or calcium gluconate and regimens of sodium bicarbonate, glucose and insulin, or nebulized albuterol&#xA;&#x9;&#x9;&#xA;&#x9;&#x9;&#xA;&#x9;&#xA;&#x9;&#xA;&#xA;&#xA;&#xA;&#x9;&#xA;&#x9;PITFALLS&#xA;&#xA;&#x9;&#xA;&#x9;&#x9;Early stages are often asymptomatic, causing chronic kidney disease to be untreated, leading to further progression of kidney damage and worse prognosis"/>
    <citation value="Chronic Kidney Disease Clinical Overview. ClinicalKey. Source"/>
    <url value="http://himss19.ordersetsmanager.com/evidenceviewer/#/7CBBBE9B75E10232E05352E3610A5325/7CBBBE9B75E10232E05352E3610A5325"/>
    <document>
      <url value="http://himss19.ordersetsmanager.com/evidenceviewer/#/7CBBBE9B75E10232E05352E3610A5325/7CBBBE9B75E10232E05352E3610A5325"/>
    </document>
  </relatedArtifact>
  <library value="http://cqframework.org/cpg-example-ckd/Library/CKDRiskLogic"/>
  <action id="34387235">
    <title value="Assessment Scales"/>
    <groupingBehavior value="visual-group"/>
    <action id="34387238">
      <title value="GFR Equations and Classification according to GFR Category"/>
      <description value="Nonorderable narrative"/>
      <textEquivalent value="GFR Equations and Classification according to GFR Category"/>
      <documentation>
        <type value="justification"/>
        <display value="Obtain serum creatinine for evaluation of GFR&#xA;&#xA;&#xA;&#x9;Estimate GFR from serum creatinine using 1 of 2 equations&#xA;&#x9;&#xA;&#x9;&#x9;Chronic Kidney Disease Epidemiology Collaboration equation is preferred for reporting estimated GFR; more accurately represents true GFR, especially at GFR above 60 mL/minute/1.73 m&amp;sup2;&#xA;&#x9;&#x9;Modification of Diet in Renal Disease equation underestimates true GFR in patients with GFR above 60 mL/minute/1.73 m&amp;sup2;&#xA;&#x9;&#x9;&#xA;&#x9;&#x9;&#x9;Less accurate than the Chronic Kidney Disease Epidemiology Collaboration equation, though still widely used by many laboratories&#xA;&#x9;&#x9;&#xA;&#x9;&#x9;&#xA;&#x9;&#x9;A GFR calculator (using the Chronic Kidney Disease Epidemiology Collaboration equation) is available from the&amp;nbsp;National Kidney Foundation&amp;nbsp;and the&amp;nbsp;National Institute of Diabetes and Digestive and Kidney Diseases&#xA;&#x9;&#xA;&#x9;&#xA;&#xA;&#xA;&#xA;&#x9;Gold standard is to measure clearance of continuously infused inulin over 24 hours; however, this is neither practical nor cost effective&#xA;&#xA;&#xA;&#xA;&#x9;If GFR is suspected to be inaccurate (eg, severe malnutrition, paraplegia, amputated extremity) testing involves a 24-hour urine collection&#xA;&#xA;&#xA;&amp;nbsp;&#xA;&#xA;GFR equations&#xA;&#xA;&#xA;&#x9;Chronic Kidney Disease Epidemiology Collaboration equation43&#xA;&#xA;&#x9;&#xA;&#x9;&#x9;GFR (mL/minute/1.73 m&amp;sup2;) = 141 &amp;times; min(Scr/&amp;kappa;, 1)^&amp;alpha; &amp;times; max(Scr/&amp;kappa;, 1)^-1.209 &amp;times; 0.993^Age &amp;times; 1.018 [if female] &amp;times; 1.159 [if black]&#xA;&#x9;&#x9;&#xA;&#x9;&#x9;&#x9;Scr = serum creatinine&#xA;&#x9;&#x9;&#x9;&amp;kappa; = 61.9 for females and 79.6 for males&#xA;&#x9;&#x9;&#x9;&amp;alpha; = -0.329 for females and -0.411 for males&#xA;&#x9;&#x9;&#x9;Min indicates the minimum of Scr/&amp;kappa; or 1&#xA;&#x9;&#x9;&#x9;Max indicates the maximum of Scr/&amp;kappa; or 1&#xA;&#x9;&#x9;&#xA;&#x9;&#x9;&#xA;&#x9;&#xA;&#x9;&#xA;&#xA;&#xA;&#xA;&#x9;Modification of Diet in Renal Disease equation&#xA;&#x9;&#xA;&#x9;&#x9;GFR (mL/minute/1.73 m&amp;sup2;) = 175 &amp;times; (Scr)^-1.154 &amp;times; (age)^-0.203 &amp;times; 0.742 [if female] &amp;times; 1.212 [if black]&#xA;&#x9;&#xA;&#x9;&#xA;&#xA;&#xA;&amp;nbsp;&#xA;&#xA;Classification according to GFR category&#xA;&#xA;&#xA;&#x9;G1: normal or high renal function&#xA;&#x9;&#xA;&#x9;&#x9;GFR: greater than 90 mL/minute/1.73 m&amp;sup2;&#xA;&#x9;&#xA;&#x9;&#xA;&#xA;&#xA;&#xA;&#x9;G2: mildly decreased renal function&#xA;&#x9;&#xA;&#x9;&#x9;GFR: 60 to 89 mL/minute/1.73 m&amp;sup2;&#xA;&#x9;&#xA;&#x9;&#xA;&#xA;&#xA;&#xA;&#x9;G3a: mildly to moderately decreased renal function&#xA;&#x9;&#xA;&#x9;&#x9;GFR: 45 to 59 mL/minute/1.73 m&amp;sup2;&#xA;&#x9;&#xA;&#x9;&#xA;&#xA;&#xA;&#xA;&#x9;G3b: moderately to severely decreased renal function&#xA;&#x9;&#xA;&#x9;&#x9;GFR: 30 to 44 mL/minute/1.73 m&amp;sup2;&#xA;&#x9;&#xA;&#x9;&#xA;&#xA;&#xA;&#xA;&#x9;G4: severely decreased renal function&#xA;&#x9;&#xA;&#x9;&#x9;GFR: 15 to 29 mL/minute/1.73 m&amp;sup2;&#xA;&#x9;&#xA;&#x9;&#xA;&#xA;&#xA;&#xA;&#x9;G5: kidney failure&#xA;&#x9;&#xA;&#x9;&#x9;GFR: less than 15 mL/minute/1.73 m&amp;sup2;&#xA;&#x9;&#xA;&#x9;&#xA;&#xA;&#xA;&#xA;&#x9;Combined GFR and albuminuria stage more accurately denotes the risk of progression of chronic kidney disease&#xA;&#xA;&#xA;&amp;nbsp;&#xA;&#xA;Verify chronicity of kidney disease&#xA;&#xA;&#xA;&#x9;If GFR less than 60 mL/minute/1.73 m&amp;sup2; (GFR categories G3a-G5) or markers of kidney damage present, review history and previous measurements to determine duration of kidney disease&#xA;&#x9;&#xA;&#x9;&#x9;If duration is greater than 3 months, chronic kidney disease is confirmed&#xA;&#x9;&#x9;If duration is less than 3 months or unclear, chronic kidney disease is not confirmed; patients may have chronic kidney disease or acute kidney diseases (including acute kidney injury) or both, and tests should be repeated accordingly"/>
        <citation value="Chronic Kidney Disease Clinical Overview. ClinicalKey. Source"/>
        <url value="http://himss19.ordersetsmanager.com/evidenceviewer/#/7CBBBE9B75E10232E05352E3610A5325/7CBBBE9B75E80232E05352E3610A5325"/>
        <document>
          <url value="http://himss19.ordersetsmanager.com/evidenceviewer/#/7CBBBE9B75E10232E05352E3610A5325/7CBBBE9B75E80232E05352E3610A5325"/>
        </document>
      </documentation>
      <requiredBehavior value="could"/>
      <precheckBehavior value="no"/>
    </action>
  </action>
  <action id="34387242">
    <title value="General Care"/>
    <groupingBehavior value="visual-group"/>
    <action id="34387243">
      <title value="Patient Education"/>
      <documentation>
        <type value="justification"/>
        <display value="To improve long-term outcomes, lifestyle modifications to&amp;nbsp;lower&amp;nbsp;blood pressure to less than 140/90 mmHg should be made for those who are NOT at high risk for cardiovascular disease.&#xA;&#xA;&amp;nbsp;&#xA;&#xA;The modifications include:&#xA;&#xA;&#xA;&#x9;Weight reduction, if indicated, and maintaining a healthy weight with body mass index (BMI) of 20 to 25&#xA;&#xA;&#xA;&#xA;&#x9;Reducing salt intake to 2 g per day of sodium, unless contraindicated&#xA;&#xA;&#xA;&#xA;&#x9;Following a regular exercise program aiming for at least 30 minutes, 5 times a week, depending on cardiovascular tolerance&#xA;&#xA;&#xA;&#xA;&#x9;Alcohol intake not more than 2 standard drinks per day for men and one standard drink per day for women"/>
        <citation value="Kidney Disease: Improving Global Outcomes (KDIGO) Blood Pressure Work Group. KDIGO clinical practice guideline for the management of blood pressure in chronic kidney disease. Kidney Int. 2012;2 (Suppl), 337-414. Source"/>
        <url value="http://himss19.ordersetsmanager.com/evidenceviewer/#/7CBBBE9B75E10232E05352E3610A5325/7CBBBE9B75ED0232E05352E3610A5325"/>
        <document>
          <url value="http://himss19.ordersetsmanager.com/evidenceviewer/#/7CBBBE9B75E10232E05352E3610A5325/7CBBBE9B75ED0232E05352E3610A5325"/>
        </document>
      </documentation>
      <groupingBehavior value="visual-group"/>
      <action id="cc-cpg-activity-edu-hypertension">
        <title value="Patient education: Managing Your High Blood Pressure (Hypertension)"/>
        <description value="General Care"/>
        <requiredBehavior value="could"/>
        <precheckBehavior value="no"/>
        <definitionCanonical value="http://cqframework.org/cpg-example-ckd/ActivityDefinition/cc-cpg-activity-edu-hypertension"/>
      </action>
      <action id="cc-cpg-activity-edu-renal-diet">
        <title value="Patient education: Renal diet"/>
        <description value="General Care"/>
        <requiredBehavior value="could"/>
        <precheckBehavior value="no"/>
        <definitionCanonical value="http://cqframework.org/cpg-example-ckd/ActivityDefinition/cc-cpg-activity-edu-renal-diet"/>
      </action>
    </action>
  </action>
  <action id="34387251">
    <title value="Medications"/>
    <documentation>
      <type value="justification"/>
      <display value="Drug therapy&#xA;&#xA;&#xA;&#x9;Select drug dosages based on GFR, and carefully monitor kidney function when prescribing nephrotoxic medications, as change in renal function alters drug metabolism&#xA;&#xA;&#xA;&#xA;&#x9;Consult the Kidney Disease: Improving Global Outcomes Conference report for detailed dosing considerations and strategies for acute and chronic kidney disease&#xA;&#xA;&#xA;&#xA;&#x9;Considerations for drugs commonly used by patients with chronic kidney disease&#xA;&#x9;&#xA;&#x9;&#x9;ACE inhibitors&#xA;&#x9;&#x9;&#xA;&#x9;&#x9;&#x9;Used to reduce blood pressure in the kidneys and reduce albuminurin&#xA;&#x9;&#x9;&#x9;Dual therapy with angiotensin receptor blockers is not recommended&#xA;&#x9;&#x9;&#x9;Use lower dose in patients with GFR less than 45 mL/minute/1.73 m&amp;sup2;; do not routinely discontinue when GFR is less than 30 mL/minute/1.73 m&amp;sup2; (remains nephroprotective)&#xA;&#x9;&#x9;&#x9;Follow serum potassium&#xA;&#x9;&#x9;&#xA;&#x9;&#x9;&#xA;&#x9;&#x9;Angiotensin receptor blockers&#xA;&#x9;&#x9;&#xA;&#x9;&#x9;&#x9;Used to reduce blood pressure in the kidneys and reduce albuminuria&#xA;&#x9;&#x9;&#x9;Dual therapy with ACE inhibitor is not recommended&#xA;&#x9;&#x9;&#x9;Use lower dose in patients with GFR less than 45 mL/minute/1.73 m&amp;sup2;; do not routinely discontinue when GFR is less than 30 mL/minute/1.73 m&amp;sup2; (remains nephroprotective)&#xA;&#x9;&#x9;&#x9;Follow serum potassium&#xA;&#x9;&#x9;&#xA;&#x9;&#x9;&#xA;&#x9;&#x9;Calcium channel blockers&#xA;&#x9;&#x9;&#xA;&#x9;&#x9;&#x9;Can be used in combination with ACE inhibitor or angiotensin receptor blocker to control hypertension&#xA;&#x9;&#x9;&#x9;3 main classes&#xA;&#x9;&#x9;&#x9;&#xA;&#x9;&#x9;&#x9;&#x9;Benzothiazepines (diltiazem)&#xA;&#x9;&#x9;&#x9;&#x9;&#xA;&#x9;&#x9;&#x9;&#x9;&#x9;Preferred over dihydropyridines because of an antiproteinuric effect&#xA;&#x9;&#x9;&#x9;&#x9;&#xA;&#x9;&#x9;&#x9;&#x9;&#xA;&#x9;&#x9;&#x9;&#x9;Phenylalkylamines (verapamil)&#xA;&#x9;&#x9;&#x9;&#x9;&#xA;&#x9;&#x9;&#x9;&#x9;&#x9;Preferred over dihydropyridines because it has an antiproteinuric effect (no clear indication to discriminate use of benzothiazepines versus phenylalkylamines)&#xA;&#x9;&#x9;&#x9;&#x9;&#xA;&#x9;&#x9;&#x9;&#x9;&#xA;&#x9;&#x9;&#x9;&#x9;Dihydropyridines (eg, nifedipine, amlodipine)&#xA;&#x9;&#x9;&#x9;&#xA;&#x9;&#x9;&#x9;&#xA;&#x9;&#x9;&#x9;Avoid prescribing calcium channel blockers without ACE inhibitor or angiotensin II receptor blocker, as sole use can lead to increased hyperfiltration and increased albuminuria&#xA;&#x9;&#x9;&#xA;&#x9;&#x9;&#xA;&#x9;&#x9;Aldosterone receptor antagonists&#xA;&#x9;&#x9;&#xA;&#x9;&#x9;&#x9;Spironolactone (nonselective)&#xA;&#x9;&#x9;&#x9;&#xA;&#x9;&#x9;&#x9;&#x9;Carefully monitor for hyperkalemia&#xA;&#x9;&#x9;&#x9;&#xA;&#x9;&#x9;&#x9;&#xA;&#x9;&#x9;&#x9;Eplerenone (selective)&#xA;&#x9;&#x9;&#x9;&#xA;&#x9;&#x9;&#x9;&#x9;Carefully monitor for hyperkalemia&#xA;&#x9;&#x9;&#x9;&#xA;&#x9;&#x9;&#x9;&#xA;&#x9;&#x9;&#xA;&#x9;&#x9;&#xA;&#x9;&#x9;Antidiabetic agents&#xA;&#x9;&#x9;&#xA;&#x9;&#x9;&#x9;Choice of therapy depends on type of diabetes, degree of glycemic control needed, and level of current kidney function&#xA;&#x9;&#x9;&#x9;Insulin&#xA;&#x9;&#x9;&#x9;&#xA;&#x9;&#x9;&#x9;&#x9;May need dose reduction when GFR is less than 30 mL/minute/1.73 m&amp;sup2; to avoid hypoglycemia as insulin is partly renally excreted&#xA;&#x9;&#x9;&#x9;&#x9;No evidence-based guidelines or recommendations exist specifying which types of insulin to use or avoid depending on severity of chronic kidney disease&#xA;&#x9;&#x9;&#x9;&#xA;&#x9;&#x9;&#x9;&#xA;&#x9;&#x9;&#x9;Sulfonylureas&#xA;&#x9;&#x9;&#x9;&#xA;&#x9;&#x9;&#x9;&#x9;First-generation sulfonylureas are contraindicated as they are affected by kidney function and increase risks of hypoglycemia&#xA;&#x9;&#x9;&#x9;&#x9;Glipizide&#xA;&#x9;&#x9;&#x9;&#x9;&#xA;&#x9;&#x9;&#x9;&#x9;&#x9;Second-generation sulfonylurea; preferred in patients with chronic kidney disease as it is metabolized primarily in the liver&#xA;&#x9;&#x9;&#x9;&#x9;&#xA;&#x9;&#x9;&#x9;&#x9;&#xA;&#x9;&#x9;&#x9;&#xA;&#x9;&#x9;&#x9;&#xA;&#x9;&#x9;&#x9;Biguanides&#xA;&#x9;&#x9;&#x9;&#xA;&#x9;&#x9;&#x9;&#x9;Metformin&#xA;&#x9;&#x9;&#x9;&#x9;&#xA;&#x9;&#x9;&#x9;&#x9;&#x9;Relatively contraindicated when GFR is less than 30 mL/minute/1.73 m&amp;sup2; as there is a risk of lactic acidosis; consider risk-benefit if GFR is stable&#xA;&#x9;&#x9;&#x9;&#x9;&#xA;&#x9;&#x9;&#x9;&#x9;&#xA;&#x9;&#x9;&#x9;&#xA;&#x9;&#x9;&#x9;&#xA;&#x9;&#x9;&#xA;&#x9;&#x9;&#xA;&#x9;&#x9;Diuretics&#xA;&#x9;&#x9;&#xA;&#x9;&#x9;&#x9;Monitor for hyperkalemia and hypotension as diuretics can cause fluid imbalance resulting in electrolyte level disparities&#xA;&#x9;&#x9;&#x9;Thiazide&#xA;&#x9;&#x9;&#x9;&#xA;&#x9;&#x9;&#x9;&#x9;Once daily recommended in patients with GFR of 30 mL/minute/1.73 m&amp;sup2; or higher (categories G1-G3)&#xA;&#x9;&#x9;&#x9;&#xA;&#x9;&#x9;&#x9;&#xA;&#x9;&#x9;&#x9;Loop diuretics&#xA;&#x9;&#x9;&#x9;&#xA;&#x9;&#x9;&#x9;&#x9;Once or twice daily recommended in patients with GFR less than 30 mL/minute/1.73 m&amp;sup2; (categories G4-G5)&#xA;&#x9;&#x9;&#x9;&#xA;&#x9;&#x9;&#x9;&#xA;&#x9;&#x9;&#xA;&#x9;&#x9;&#xA;&#x9;&#x9;Analgesics&#xA;&#x9;&#x9;&#xA;&#x9;&#x9;&#x9;Acetaminophen is the analgesic recommended for short-term treatment of mild to moderate pain in patients with stages 3 to 5 chronic kidney disease; considered analgesic of choice for all patients with chronic kidney disease&#xA;&#x9;&#x9;&#x9;NSAIDs may be used for short-term therapy in patients up to stage 3 chronic kidney disease, with regular monitoring of renal function"/>
      <citation value="Chronic Kidney Disease Clinical Overview. ClinicalKey. Source"/>
      <url value="http://himss19.ordersetsmanager.com/evidenceviewer/#/7CBBBE9B75E10232E05352E3610A5325/7CBBBE9B75F50232E05352E3610A5325"/>
      <document>
        <url value="http://himss19.ordersetsmanager.com/evidenceviewer/#/7CBBBE9B75E10232E05352E3610A5325/7CBBBE9B75F50232E05352E3610A5325"/>
      </document>
    </documentation>
    <groupingBehavior value="visual-group"/>
    <action id="34387256">
      <title value="Antihypertensives"/>
      <documentation>
        <type value="justification"/>
        <display value="According to the Joint National Committee-8, establish a target blood pressure of 140/90 mmHg for patients with&amp;nbsp;chronic kidney disease patients (expert opinion, grade E).&amp;nbsp;&amp;nbsp;&#xA;&#xA;&#xA;&#x9;According to the American College of Physicians,&amp;nbsp;select either an ACE&amp;nbsp;inhibitor (moderate-quality evidence) or an angiotensin II-receptor blocker (high-quality evidence) for patients with hypertension and stage 1 to 3 chronic kidney disease.&#xA;&#x9;After starting an ACE&amp;nbsp;inhibitor, measure the short-term follow-up creatinine level&amp;nbsp;and use the results to prompt further attention if it shows a rise of greater than 30%.&#xA;&#x9;&#xA;&#x9;&#x9;Consider alternative causes of acute kidney injury as well as renal artery stenosis.&#xA;&#x9;&#x9;Consider stopping the ACE inhibitor or&amp;nbsp;angiotensin II receptor blocker​&amp;nbsp;medication."/>
        <citation value="Kidney Disease: Improving Global Outcomes (KDIGO) Blood Pressure Work Group. KDIGO clinical practice guideline for the management of blood pressure in chronic kidney disease. Kidney Int. 2012;2 (Suppl), 337-414. Source&#xA;&#xA;Qaseem A, Hopkins, RH Jr, et al. Screening, monitoring, and treatment of stage 1 to 3 chronic kidney disease: a clinical practice guideline from the American College of Physicians. Ann Intern Med. 2013;Source&#xA;&#xA;James P, Oparil S, Carter B, et al. 2014 Evidence-Based Guideline for the Management of High Blood Pressure in Adults. Report From the Panel Members Appointed to the Eighth Joint National Committee (JNC 8). JAMA. 2014;311(5), 507-520. Source"/>
        <url value="http://himss19.ordersetsmanager.com/evidenceviewer/#/7CBBBE9B75E10232E05352E3610A5325/7CBBBE9B75FA0232E05352E3610A5325"/>
        <document>
          <url value="http://himss19.ordersetsmanager.com/evidenceviewer/#/7CBBBE9B75E10232E05352E3610A5325/7CBBBE9B75FA0232E05352E3610A5325"/>
        </document>
      </documentation>
      <groupingBehavior value="visual-group"/>
      <action id="34387257">
        <title value="Enalapril Oral Tablet; 10 mg 1 time a day (dispense 30 tablet(s); 3 refills)"/>
        <description value="Formulary"/>
        <requiredBehavior value="could"/>
        <precheckBehavior value="no"/>
      </action>
      <action id="34387258">
        <title value="Lisinopril 20 MG Oral Tablet; 1 tablet(s) 1 time a day (dispense 30 tablet(s); 3 refills)"/>
        <description value="Formulary"/>
        <requiredBehavior value="could"/>
        <precheckBehavior value="no"/>
      </action>
    </action>
    <action id="34387261">
      <title value="Antilipemics"/>
      <groupingBehavior value="visual-group"/>
      <action id="34387264">
        <title value="Simvastatin Oral Tablet; 5 mg 1 time a day (dispense 30 tablet(s); 3 refills)"/>
        <description value="Formulary"/>
        <requiredBehavior value="could"/>
        <precheckBehavior value="no"/>
      </action>
    </action>
    <action id="34387265">
      <title value="Diuretics"/>
      <documentation>
        <type value="justification"/>
        <display value="Consider using thiazides&amp;nbsp;as diuretics in patients with early stages of chronic kidney disease.&#xA;&#xA;&#xA;&#x9;When&amp;nbsp;GFR falls below 30-50&amp;nbsp;mL/minute/1.73 m2, thiazides as less effective.&#xA;&#xA;&#xA;&#xA;&#x9;Give loop diuretics once or twice daily to&amp;nbsp;patients with GFR&amp;nbsp;less than 30 mL/minute/1.73 m2 (chronic kidney disease stages 4-5).&#xA;&#xA;&#xA;&#xA;&#x9;Instruct patients to follow a low-sodium diet in addition to using diuretics to optimize&amp;nbsp;volume status.&#xA;&#xA;&#xA;&#xA;&#x9;Limit the use of potassium-sparing diuretics, such as triamterene and amiloride, in patients with chronic kidney disease because of the risk of hyperkalemia."/>
        <citation value="Kidney Disease: Improving Global Outcomes (KDIGO) Blood Pressure Work Group. KDIGO clinical practice guideline for the management of blood pressure in chronic kidney disease. Kidney Int. 2012;2 (Suppl), 337-414. Source"/>
        <url value="http://himss19.ordersetsmanager.com/evidenceviewer/#/7CBBBE9B75E10232E05352E3610A5325/7CBBBE9B76030232E05352E3610A5325"/>
        <document>
          <url value="http://himss19.ordersetsmanager.com/evidenceviewer/#/7CBBBE9B75E10232E05352E3610A5325/7CBBBE9B76030232E05352E3610A5325"/>
        </document>
      </documentation>
      <groupingBehavior value="visual-group"/>
      <action id="34387266">
        <title value="Furosemide Oral Tablet; 20 mg 1 time a day (dispense 30 tablet(s); 3 refills)"/>
        <description value="Formulary"/>
        <requiredBehavior value="could"/>
        <precheckBehavior value="no"/>
      </action>
    </action>
  </action>
  <action id="34387287">
    <title value="Laboratory"/>
    <groupingBehavior value="visual-group"/>
    <action id="34387288">
      <title value="Chemistry"/>
      <documentation>
        <type value="justification"/>
        <display value="Electrolyte analysis&#xA;&#xA;&#xA;&#x9;Abnormalities of electrolytes and other solutes suggest disorders of renal tubular reabsorption and secretion&#xA;&#xA;&#xA;&#xA;&#x9;Persistent abnormalities (lasting more than 3 months) in serum phosphate, potassium, parathyroid hormone, or calcium levels indicate decreased renal function associated with chronic kidney disease&#xA;&#x9;&#xA;&#x9;&#x9;Potassium: greater than 5.5 mEq/L indicative of hyperkalemia or less than 4.0 mEq/L indicating hypokalemia&#xA;&#x9;&#x9;Parathyroid hormone: results greater than 65 pg/mL are above the reference range&#xA;&#x9;&#x9;Calcium: less than 8.4 mg/dL is below the reference range&#xA;&#x9;&#x9;Phosphorus: less than 4.6 mg/dL is below the reference range&#xA;&#x9;&#xA;&#x9;&#xA;&#xA;&#xA;&amp;nbsp;&#xA;&#xA;Provide management of electrolyte disturbances&#xA;&#xA;&#xA;&#x9;Hyperkalemia and hypokalemia&#xA;&#x9;&#xA;&#x9;&#x9;High (greater than 5.5 mEq/L)&amp;nbsp;or&amp;nbsp;low (less than 4 mEq/L)&amp;nbsp;potassium levels are associated with increased mortality for patients with chronic kidney disease&#xA;&#x9;&#x9;Patients with chronic kidney disease have a high risk of developing hyperkalemia, which can cause cardiac arrhythmias and sudden death&#xA;&#x9;&#x9;&#xA;&#x9;&#x9;&#x9;8% to 73% of patients with chronic kidney disease develop hyperkalemia compared to 2.6% to 3.2% in the general population&#xA;&#x9;&#x9;&#xA;&#x9;&#x9;&#xA;&#x9;&#x9;Patients with hypokalemia have an 82% increased risk of reaching end-stage renal disease&#xA;&#x9;&#xA;&#x9;&#xA;&#xA;&#xA;&#xA;&#x9;Hyperphosphatemia&#xA;&#x9;&#xA;&#x9;&#x9;Target serum phosphorus is 2.7 to 4.6 mg/dL for categories G3 and G4, and 3.5 to 5.5 mg/dL for category G5&#xA;&#x9;&#x9;Reduce phosphorus intake and consult nephrologist for treatment with phosphate binders&#xA;&#x9;&#xA;&#x9;&#xA;&#xA;&#xA;&amp;nbsp;&#xA;&#xA;&#xA;&#x9;Guideline recommends&amp;nbsp;monitoring serum levels of calcium, phosphate, PTH, and alkaline phosphatase activity beginning in CKD G3a (Level of recommendation: 1C). In children, we suggest such monitoring beginning in CKD G2 (Level of recommendation: 2D).&#xA;&#x9;In patients with CKD G3a&amp;ndash;G5D, it is reasonable to base the frequency of monitoring serum calcium, phosphate, and PTH on the presence and magnitude of abnormalities, and the rate of progression of CKD(Level of recommendation: Not Graded).&#xA;&#x9;&#xA;&#x9;&#x9;Reasonable monitoring intervals would be:&#xA;&#x9;&#x9;&#xA;&#x9;&#x9;&#x9;&amp;nbsp;In CKD G3a&amp;ndash;G3b: for serum calcium and phosphate, every 6&amp;ndash;12 months; and for PTH, based on baseline level and CKD progression.&#xA;&#x9;&#x9;&#x9;&amp;nbsp;In CKD G4: for serum calcium and phosphate, every 3&amp;ndash;6 months; and for PTH, every 6&amp;ndash;12 months.&#xA;&#x9;&#x9;&#x9;&amp;nbsp;In CKD G5, including G5D: for serum calcium and phosphate, every 1&amp;ndash;3 months; and for PTH, every 3&amp;ndash;6 months.&#xA;&#x9;&#x9;&#x9;&amp;nbsp;In CKD G4&amp;ndash;G5D: for alkaline phosphatase activity, every 12 months, or more frequently in the presence of elevated PTH.&#xA;&#x9;&#x9;&#xA;&#x9;&#x9;&#xA;&#x9;&#xA;&#x9;&#xA;&#x9;In CKD patients receiving treatments for CKD-MBD, or in whom biochemical abnormalities are identified, it is reasonable to increase the frequency of measurements to monitor for trends and treatment efficacy and side effects (Level of recommendation: Not Graded)."/>
        <citation value="KDIGO Board. KDIGO 2017 Clinical Practice Guideline Update for the Diagnosis, Evaluation, Prevention, and Treatment of Chronic Kidney Disease–Mineral and Bone Disorder (CKD-MBD). Kidney Int Suppl. 2017;7(1), 1-59. Source&#xA;&#xA;Chronic Kidney Disease Clinical Overview. ClinicalKey. Source"/>
        <url value="http://himss19.ordersetsmanager.com/evidenceviewer/#/7CBBBE9B75E10232E05352E3610A5325/7CBBBE9B761A0232E05352E3610A5325"/>
        <document>
          <url value="http://himss19.ordersetsmanager.com/evidenceviewer/#/7CBBBE9B75E10232E05352E3610A5325/7CBBBE9B761A0232E05352E3610A5325"/>
        </document>
      </documentation>
      <groupingBehavior value="visual-group"/>
      <action id="cc-cpg-activity-lab-metabolic">
        <title value="Lab: Comprehensive Metabolic Panel, Once"/>
        <description value="Laboratory"/>
        <requiredBehavior value="could"/>
        <precheckBehavior value="no"/>
        <definitionCanonical value="http://cqframework.org/cpg-example-ckd/ActivityDefinition/cc-cpg-activity-lab-metabolic"/>
      </action>
    </action>
    <action id="34387206">
      <title value="Urine"/>
      <documentation>
        <type value="justification"/>
        <display value="For patients with a positive dipstick test&amp;nbsp;(1+ or greater), perform&amp;nbsp;confirmation of proteinuria by a quantitative measurement (protein-to-creatinine ratio or albumin-to-creatinine ratio) within 3 months.&#xA;&#xA;&amp;nbsp;&#xA;&#xA;When screening adults at increased risk for chronic kidney disease, measure albumin&amp;nbsp;in a spot urine sample using either of the following:&amp;nbsp;&#xA;&#xA;&#xA;&#x9;Albumin-specific dipstick&#xA;&#xA;&#xA;&#xA;&#x9;Albumin-to-creatinine ratio&#xA;&#xA;&#xA;When monitoring proteinuria in adults with chronic kidney disease, measure the protein-to-creatinine ratio in spot urine samples using:&amp;nbsp;&#xA;&#xA;&#xA;&#x9;​Albumin-to-creatinine ratio&#xA;&#xA;&#xA;&#xA;&#x9;Total protein-to-creatinine, only if albumin-to-creatinine ratio is more than 500-1000 mg/g&amp;nbsp;(57-113 mg/mmol)"/>
        <citation value="Kidney Disease: Improving Global Outcomes (KDIGO) CKD Work Group. KDIGO 2012 Clinical Practice Guideline for the Evaluation and Management of Chronic Kidney Disease. Kidney Inter. 2013;Suppl 3, 1-150. Source"/>
        <url value="http://himss19.ordersetsmanager.com/evidenceviewer/#/7CBBBE9B75E10232E05352E3610A5325/7CBBBE9B75C80232E05352E3610A5325"/>
        <document>
          <url value="http://himss19.ordersetsmanager.com/evidenceviewer/#/7CBBBE9B75E10232E05352E3610A5325/7CBBBE9B75C80232E05352E3610A5325"/>
        </document>
      </documentation>
      <groupingBehavior value="visual-group"/>
      <action id="cc-cpg-activity-lab-creatinine">
        <title value="Lab: Creatinine, Urine Random, Once"/>
        <description value="Laboratory"/>
        <requiredBehavior value="could"/>
        <precheckBehavior value="no"/>
        <definitionCanonical value="http://cqframework.org/cpg-example-ckd/ActivityDefinition/cc-cpg-activity-lab-creatinine"/>
      </action>
    </action>
  </action>
  <action id="34387217">
    <title value="Radiology"/>
    <groupingBehavior value="visual-group"/>
    <action id="cc-cpg-activity-ultrasound-renal">
      <title value="Ultrasound"/>
      <groupingBehavior value="visual-group"/>
      <action id="34387219">
        <title value="Ultrasound, Renal; History: [add diagnosis, symptom(s)]; Question: [add reason for exam]"/>
        <description value="Imaging Studies"/>
        <requiredBehavior value="could"/>
        <precheckBehavior value="no"/>
        <definitionCanonical value="http://cqframework.org/cpg-example-ckd/ActivityDefinition/cc-cpg-activity-ultrasound-renal"/>
      </action>
    </action>
  </action>
  <action id="cc-cpg-activity-referral-nephrology">
    <title value="Referrals"/>
    <groupingBehavior value="visual-group"/>
    <action id="34387224">
      <title value="Referral: Nephrology; History: [add diagnosis, symptom(s)]; Question: [add reason for referral]"/>
      <description value="Referrals"/>
      <requiredBehavior value="could"/>
      <precheckBehavior value="no"/>
      <definitionCanonical value="http://cqframework.org/cpg-example-ckd/ActivityDefinition/cc-cpg-activity-referral-nephrology"/>
    </action>
    <action id="cc-cpg-activity-referral-dietition">
      <title value="Referral: Dietitian; History: chronic kidney disease; Question: [add reason for referral]"/>
      <description value="Referrals"/>
      <requiredBehavior value="could"/>
      <precheckBehavior value="no"/>
      <definitionCanonical value="http://cqframework.org/cpg-example-ckd/ActivityDefinition/cc-cpg-activity-referral-dietition"/>
    </action>
  </action>
</PlanDefinition>