{"resourceType":"ActivityDefinition","id":"cc-cpg-activity-edu-renal-diet","meta":{"profile":["http://hl7.org/fhir/uv/cpg/StructureDefinition/cpg-computableactivity"]},"extension":[{"url":"http://hl7.org/fhir/StructureDefinition/cqf-knowledgeCapability","valueCode":"shareable"},{"url":"http://hl7.org/fhir/StructureDefinition/cqf-knowledgeCapability","valueCode":"computable"},{"url":"http://hl7.org/fhir/StructureDefinition/cqf-knowledgeCapability","valueCode":"publishable"},{"url":"http://hl7.org/fhir/StructureDefinition/cqf-knowledgeRepresentationLevel","valueCode":"structured"}],"url":"http://hl7.org/fhir/uv/cpg/ckd/ActivityDefinition/cc-cpg-activity-edu-renal-diet","version":"1.0.0","name":"EducationRenalDiet","title":"Patient education: Renal diet","status":"active","experimental":true,"date":"2024-11-18T18:15:24+00:00","publisher":"HL7 International - Clinical Decision Support WG","contact":[{"name":"HL7 International - Clinical Decision Support WG","telecom":[{"system":"url","value":"http://www.hl7.org/Special/committees/dss/index.cfm"}]}],"description":"Patient education: Renal diet","jurisdiction":[{"coding":[{"system":"http://unstats.un.org/unsd/methods/m49/m49.htm","code":"001","display":"World"}]}],"relatedArtifact":[{"type":"justification","display":"Renal Diet\n\n\n\tDecrease protein and salt intake\n\n\n\n\tLimit protein intake to 0.8 g/kg/day in adults with or without diabetes with GFR less than 30 mL/minute/1.73 m&sup2;\n\n\n\n\tAvoid high protein intake (greater than 1.3 g/kg/day) in adults at risk for chronic kidney disease progression\n\n\n\n\tLimit salt intake to less than 2 g per day in adults","citation":"Chronic Kidney Disease Clinical Overview. ClinicalKey. Source","url":"http://himss19.ordersetsmanager.com/evidenceviewer/#/7CBBBE9B75E10232E05352E3610A5325/7CBBBE9B75F20232E05352E3610A5325","document":{"url":"http://himss19.ordersetsmanager.com/evidenceviewer/#/7CBBBE9B75E10232E05352E3610A5325/7CBBBE9B75F20232E05352E3610A5325"}}],"kind":"ServiceRequest","code":{"coding":[{"system":"http://snomed.info/sct","code":"11816003","display":"Diet education (procedure)"}],"text":"Diet education"}}