{"resourceType":"ActivityDefinition","id":"cc-cpg-activity-referral-dietition","meta":{"profile":["http://hl7.org/fhir/uv/cpg/StructureDefinition/cpg-computableactivity"]},"extension":[{"url":"http://hl7.org/fhir/StructureDefinition/cqf-knowledgeCapability","valueCode":"shareable"},{"url":"http://hl7.org/fhir/StructureDefinition/cqf-knowledgeCapability","valueCode":"computable"},{"url":"http://hl7.org/fhir/StructureDefinition/cqf-knowledgeCapability","valueCode":"publishable"},{"url":"http://hl7.org/fhir/StructureDefinition/cqf-knowledgeRepresentationLevel","valueCode":"structured"}],"url":"http://hl7.org/fhir/uv/cpg/ckd/ActivityDefinition/cc-cpg-activity-referral-dietition","version":"1.0.0","name":"ReferralDietitian","title":"Referral: Dietitian; History: chronic kidney disease; Question: [add reason for referral]","status":"active","experimental":true,"date":"2024-11-18T18:15:24+00:00","publisher":"HL7 International - Clinical Decision Support WG","contact":[{"name":"HL7 International - Clinical Decision Support WG","telecom":[{"system":"url","value":"http://www.hl7.org/Special/committees/dss/index.cfm"}]}],"description":"Referral: Dietitian; History: chronic kidney disease; Question: [add reason for referral]","jurisdiction":[{"coding":[{"system":"http://unstats.un.org/unsd/methods/m49/m49.htm","code":"001","display":"World"}]}],"kind":"ServiceRequest","code":{"coding":[{"system":"http://snomed.info/sct","code":"103699006","display":"Referral to dietitian (procedure)"}],"text":"Referral to dietitian"},"timingTiming":{"event":[null],"_event":[{"extension":[{"url":"http://hl7.org/fhir/StructureDefinition/cqf-expression","valueExpression":{"language":"text/cql","expression":"Now()"}}]}]},"participant":[{"type":"practitioner"}]}