{"resourceType":"ActivityDefinition","id":"cc-cpg-activity-edu-hypertension","meta":{"profile":["http://hl7.org/fhir/uv/cpg/StructureDefinition/cpg-computableactivity"]},"extension":[{"url":"http://hl7.org/fhir/StructureDefinition/cqf-knowledgeCapability","valueCode":"shareable"},{"url":"http://hl7.org/fhir/StructureDefinition/cqf-knowledgeCapability","valueCode":"computable"},{"url":"http://hl7.org/fhir/StructureDefinition/cqf-knowledgeCapability","valueCode":"publishable"},{"url":"http://hl7.org/fhir/StructureDefinition/cqf-knowledgeRepresentationLevel","valueCode":"structured"}],"url":"http://hl7.org/fhir/uv/cpg/ckd/ActivityDefinition/cc-cpg-activity-edu-hypertension","version":"1.0.0","name":"EducationHighBloodPressure","title":"Patient education: Managing Your High Blood Pressure (Hypertension)","status":"active","experimental":true,"date":"2024-11-18T18:15:24+00:00","publisher":"HL7 International - Clinical Decision Support WG","contact":[{"name":"HL7 International - Clinical Decision Support WG","telecom":[{"system":"url","value":"http://www.hl7.org/Special/committees/dss/index.cfm"}]}],"description":"Patient education: Managing Your High Blood Pressure (Hypertension)","jurisdiction":[{"coding":[{"system":"http://unstats.un.org/unsd/methods/m49/m49.htm","code":"001","display":"World"}]}],"relatedArtifact":[{"type":"justification","display":"To improve long-term outcomes, lifestyle modifications to&nbsp;lower&nbsp;blood pressure to less than 140/90 mmHg should be made for those who are NOT at high risk for cardiovascular disease.\n\n&nbsp;\n\nThe modifications include:\n\n\n\tWeight reduction, if indicated, and maintaining a healthy weight with body mass index (BMI) of 20 to 25\n\n\n\n\tReducing salt intake to 2 g per day of sodium, unless contraindicated\n\n\n\n\tFollowing a regular exercise program aiming for at least 30 minutes, 5 times a week, depending on cardiovascular tolerance\n\n\n\n\tAlcohol intake not more than 2 standard drinks per day for men and one standard drink per day for women","citation":"Kidney Disease: Improving Global Outcomes (KDIGO) Blood Pressure Work Group. KDIGO clinical practice guideline for the management of blood pressure in chronic kidney disease. Kidney Int. 2012;2 (Suppl), 337-414. Source","url":"http://himss19.ordersetsmanager.com/evidenceviewer/#/7CBBBE9B75E10232E05352E3610A5325/7CBBBE9B75F10232E05352E3610A5325","document":{"url":"http://himss19.ordersetsmanager.com/evidenceviewer/#/7CBBBE9B75E10232E05352E3610A5325/7CBBBE9B75F10232E05352E3610A5325"}}],"kind":"ServiceRequest","code":{"coding":[{"system":"http://snomed.info/sct","code":"39155009","display":"Hypertension education (procedure)"}],"text":"Hypertension education"}}