{"resourceType":"ActivityDefinition","id":"ckd-risk-referral-nephrology","meta":{"profile":["http://hl7.org/fhir/uv/cpg/StructureDefinition/cpg-computableactivity"]},"extension":[{"url":"http://hl7.org/fhir/StructureDefinition/cqf-knowledgeCapability","valueCode":"shareable"},{"url":"http://hl7.org/fhir/StructureDefinition/cqf-knowledgeCapability","valueCode":"computable"},{"url":"http://hl7.org/fhir/StructureDefinition/cqf-knowledgeCapability","valueCode":"publishable"},{"url":"http://hl7.org/fhir/StructureDefinition/cqf-knowledgeRepresentationLevel","valueCode":"structured"}],"url":"http://cqframework.org/cpg-example-ckd/ActivityDefinition/ckd-risk-referral-nephrology","version":"1.0.0","name":"ReferralToNephrologist","title":"Referral to Nephrologist Activity Definition","status":"active","experimental":true,"date":"2024-11-18T18:20:09+00:00","publisher":"HL7 International - Clinical Decision Support WG","contact":[{"name":"HL7 International - Clinical Decision Support WG","telecom":[{"system":"url","value":"http://www.hl7.org/Special/committees/dss/index.cfm"}]}],"description":"Create ServiceRequest to order Referral for nephrology.","jurisdiction":[{"coding":[{"system":"http://unstats.un.org/unsd/methods/m49/m49.htm","code":"001","display":"World"}]}],"library":["http://cqframework.org/cpg-example-ckd/Library/CKDRiskLogic"],"kind":"ServiceRequest","code":{"coding":[{"system":"http://snomed.info/sct","code":"306125004","display":"Referral to nephrology service"}]},"participant":[{"type":"practitioner"}],"dynamicValue":[{"path":"reasonReference","expression":{"language":"text/cql","expression":"Chronic Kidney Disease Dx"}}]}