{"resourceType":"PlanDefinition","id":"va-ckd-recommendations","meta":{"profile":["http://hl7.org/fhir/uv/cpg/StructureDefinition/cpg-recommendationdefinition"]},"extension":[{"url":"http://hl7.org/fhir/StructureDefinition/cqf-knowledgeCapability","valueCode":"shareable"},{"url":"http://hl7.org/fhir/StructureDefinition/cqf-knowledgeCapability","valueCode":"computable"},{"url":"http://hl7.org/fhir/StructureDefinition/cqf-knowledgeCapability","valueCode":"publishable"},{"url":"http://hl7.org/fhir/StructureDefinition/cqf-knowledgeRepresentationLevel","valueCode":"structured"}],"url":"http://cqframework.org/cpg-example-ckd/PlanDefinition/va-ckd-recommendations","identifier":[{"use":"official","value":"VA_CKD_Recommendations"}],"version":"1.0.0","name":"VACKDRecommendations","title":"VA CKD Recommendations Plan Definition","type":{"coding":[{"system":"http://terminology.hl7.org/CodeSystem/plan-definition-type","code":"eca-rule","display":"ECA Rule"}]},"status":"active","experimental":true,"date":"2024-11-18T18:20:09+00:00","publisher":"HL7 International - Clinical Decision Support WG","contact":[{"name":"HL7 International - Clinical Decision Support WG","telecom":[{"system":"url","value":"http://www.hl7.org/Special/committees/dss/index.cfm"}]}],"description":"VA CKD Recommendations","useContext":[{"code":{"system":"http://terminology.hl7.org/CodeSystem/usage-context-type","code":"focus","display":"Clinical Focus"},"valueCodeableConcept":{"coding":[{"system":"http://snomed.info/sct","code":"709044004","display":"Chronic kidney disease (disorder)"}]}}],"jurisdiction":[{"coding":[{"system":"http://unstats.un.org/unsd/methods/m49/m49.htm","code":"001","display":"World"}]}],"topic":[{"coding":[{"system":"http://terminology.hl7.org/CodeSystem/definition-topic","code":"treatment","display":"Treatment"}]}],"library":["http://cqframework.org/cpg-example-ckd/Library/CKDRiskLogic"],"action":[{"id":"001","extension":[{"url":"http://hl7.org/fhir/StructureDefinition/cqf-strengthOfRecommendation","valueCodeableConcept":{"coding":[{"system":"http://terminology.hl7.org/CodeSystem/recommendation-strength","code":"weak","display":"Weak"}]}},{"url":"http://hl7.org/fhir/uv/cpg/StructureDefinition/cpg-directionOfRecommendation","valueCodeableConcept":{"coding":[{"system":"http://hl7.org/fhir/uv/cpg/CodeSystem/cpg-recommendation-direction-cs","code":"for","display":"For"}]}}],"title":"CKD Protein Diet","description":"In patients with stage 3 and 4 CKD, we suggest a protein diet of 0.6 to 0.8 g/kg/day as it may slow the decline in glomerular filtration rate (GFR) and progression to end-stage renal disease (ESRD).","documentation":[{"type":"documentation","display":"VA/DoD Clinical Practice Guideline for The management of Chronic Kidney Disease in Primary care","url":"http://www.healthquality.va.gov","document":{"url":"http://www.healthquality.va.gov"}}],"condition":[{"kind":"applicability","expression":{"language":"text/cql","expression":"Has CKD stage 3 or 4"}}]}]}