{"resourceType":"PlanDefinition","id":"ckd-risk-screening","meta":{"profile":["http://hl7.org/fhir/uv/cpg/StructureDefinition/cpg-recommendationdefinition"]},"extension":[{"url":"http://hl7.org/fhir/StructureDefinition/cqf-knowledgeCapability","valueCode":"shareable"},{"url":"http://hl7.org/fhir/StructureDefinition/cqf-knowledgeCapability","valueCode":"computable"},{"url":"http://hl7.org/fhir/StructureDefinition/cqf-knowledgeCapability","valueCode":"publishable"},{"url":"http://hl7.org/fhir/StructureDefinition/cqf-knowledgeRepresentationLevel","valueCode":"structured"}],"url":"http://cqframework.org/cpg-example-ckd/PlanDefinition/ckd-risk-screening","version":"1.0.0","name":"CKDRiskScreening","title":"Chronic Kidney Disease (CKD) risk screening Plan Definition","type":{"coding":[{"system":"http://terminology.hl7.org/CodeSystem/plan-definition-type","code":"eca-rule","display":"ECA Rule"}]},"status":"active","experimental":true,"date":"2024-11-18T18:20:09+00:00","publisher":"HL7 International - Clinical Decision Support WG","contact":[{"name":"HL7 International - Clinical Decision Support WG","telecom":[{"system":"url","value":"http://www.hl7.org/Special/committees/dss/index.cfm"}]}],"description":"Chronic Kidney Disease (CKD) risk screening","useContext":[{"code":{"system":"http://terminology.hl7.org/CodeSystem/usage-context-type","code":"focus","display":"Clinical Focus"},"valueCodeableConcept":{"coding":[{"system":"http://snomed.info/sct","code":"709044004","display":"Chronic kidney disease (disorder)"}]}}],"jurisdiction":[{"coding":[{"system":"http://unstats.un.org/unsd/methods/m49/m49.htm","code":"001","display":"World"}]}],"topic":[{"coding":[{"system":"http://terminology.hl7.org/CodeSystem/definition-topic","code":"treatment","display":"Treatment"}]}],"library":["http://cqframework.org/cpg-example-ckd/Library/CKDRiskLogic"],"action":[{"trigger":[{"type":"named-event","name":"patient-view"}],"condition":[{"kind":"applicability","expression":{"language":"text/cql","expression":"Has CKD or Diabetes"}}],"action":[{"title":"Order Renal Lab Panel","description":"Order full renal lab panel, eGFR or UCAR indicates risk.","documentation":[{"type":"documentation","display":"NIDDK Quick Reference on UACR & GFR","url":"https://www.niddk.nih.gov/health-information/professionals/clinical-tools-patient-education-outreach/quick-reference-uacr-gfr","document":{"url":"https://www.niddk.nih.gov/health-information/professionals/clinical-tools-patient-education-outreach/quick-reference-uacr-gfr"}}],"condition":[{"kind":"applicability","expression":{"language":"text/cql","expression":"Needs eGFR Lab"}}],"type":{"coding":[{"system":"http://terminology.hl7.org/CodeSystem/action-type","code":"create"}]},"definitionCanonical":"http://cqframework.org/cpg-example-ckd/ActivityDefinition/ckd-risk-renal-lab-order","dynamicValue":[{"path":"action.description","expression":{"language":"text/cql","expression":"NeedsGFRDetail"}},{"path":"activity.extension","expression":{"language":"text/cql","expression":"NeedsGFRSeverity"}}]},{"title":"2-year Kidney Failure Risk","documentation":[{"type":"documentation","display":"Kidney Failure Risk Equation","url":"http://kidneyfailurerisk.com/#about-the-equation","document":{"url":"http://kidneyfailurerisk.com/#about-the-equation"}}],"condition":[{"kind":"applicability","expression":{"language":"text/cql","expression":"Has Abnormal eGFR"}}],"dynamicValue":[{"path":"action.description","expression":{"language":"text/cql","expression":"2-YearRiskDetail"}},{"path":"activity.extension","expression":{"language":"text/cql","expression":"2-YearRiskSeverity"}}]},{"title":"5-year Kidney Failure Risk","documentation":[{"type":"documentation","display":"Kidney Failure Risk Equation","url":"http://kidneyfailurerisk.com/#about-the-equation","document":{"url":"http://kidneyfailurerisk.com/#about-the-equation"}}],"condition":[{"kind":"applicability","expression":{"language":"text/cql","expression":"Has Abnormal eGFR"}}],"dynamicValue":[{"path":"action.description","expression":{"language":"text/cql","expression":"5-YearRiskDetail"}},{"path":"activity.extension","expression":{"language":"text/cql","expression":"5-YearRiskSeverity"}}]},{"title":"Recommend Nephrology Referral","documentation":[{"type":"documentation","display":"National Kidney Disease Education Program","url":"https://www.niddk.nih.gov/health-information/communication-programs/nkdep","document":{"url":"https://www.niddk.nih.gov/health-information/communication-programs/nkdep"}}],"condition":[{"kind":"applicability","expression":{"language":"text/cql","expression":"Recommend Nephrology Referral"}}],"type":{"coding":[{"system":"http://terminology.hl7.org/CodeSystem/action-type","code":"create"}]},"definitionCanonical":"http://cqframework.org/cpg-example-ckd/ActivityDefinition/ckd-risk-referral-nephrology","dynamicValue":[{"path":"action.description","expression":{"language":"text/cql","expression":"NephrologyReferralDetail"}},{"path":"activity.extension","expression":{"language":"text/cql","expression":"NephrologyReferralSeverity"}}]}]}]}