{"resourceType":"PlanDefinition","id":"va-ckd-protocol","meta":{"profile":["http://hl7.org/fhir/uv/cpg/StructureDefinition/cpg-pathwaydefinition"]},"extension":[{"url":"http://hl7.org/fhir/StructureDefinition/cqf-knowledgeCapability","valueCode":"shareable"},{"url":"http://hl7.org/fhir/StructureDefinition/cqf-knowledgeCapability","valueCode":"computable"},{"url":"http://hl7.org/fhir/StructureDefinition/cqf-knowledgeCapability","valueCode":"publishable"},{"url":"http://hl7.org/fhir/StructureDefinition/cqf-knowledgeRepresentationLevel","valueCode":"structured"}],"url":"http://hl7.org/fhir/uv/cpg/ckd/PlanDefinition/va-ckd-protocol","identifier":[{"use":"official","value":"VA_CKD_Protocol"}],"version":"1.0.0","name":"VACKDProtocol","title":"VA CKD Protocol Pathway","type":{"coding":[{"system":"http://terminology.hl7.org/CodeSystem/plan-definition-type","code":"clinical-protocol","display":"Clinical Protocol"}]},"status":"active","experimental":true,"date":"2024-11-18T18:15:24+00:00","publisher":"HL7 International - Clinical Decision Support WG","contact":[{"name":"HL7 International - Clinical Decision Support WG","telecom":[{"system":"url","value":"http://www.hl7.org/Special/committees/dss/index.cfm"}]}],"description":"VA CKD Protocol","useContext":[{"code":{"system":"http://terminology.hl7.org/CodeSystem/usage-context-type","code":"focus","display":"Clinical Focus"},"valueCodeableConcept":{"coding":[{"system":"http://snomed.info/sct","code":"709044004","display":"Chronic kidney disease (disorder)"}]}}],"jurisdiction":[{"coding":[{"system":"http://unstats.un.org/unsd/methods/m49/m49.htm","code":"001","display":"World"}]}],"topic":[{"coding":[{"system":"http://terminology.hl7.org/CodeSystem/definition-topic","code":"treatment","display":"Treatment"}]}],"action":[{"id":"001","title":"History and Phyiscal","description":"Obtain initial clinical information: medical history (including risk factors for kidney disease), physical examination and review existing laboratory results.","code":[{"coding":[{"system":"http://hl7.org/fhir/uv/cpg/CodeSystem/cpg-common-process-cs","code":"history-and-physical","display":"History and Physical"}]}]},{"id":"002","title":"At-Risk Population","description":"Evaluate at-risk patients for CKD: obtain SCr, eGFR, urinalysis, & spot urine UAER.","code":[{"coding":[{"system":"http://hl7.org/fhir/uv/cpg/CodeSystem/cpg-common-process-cs","code":"history-and-physical","display":"History and Physical"}]}]},{"id":"003","title":"Urgent/Emergent Conditions","description":"Does patient have an urgent or emergent condition?","code":[{"coding":[{"system":"http://hl7.org/fhir/uv/cpg/CodeSystem/cpg-common-process-cs","code":"triage","display":"Triage"}]}],"action":[{"id":"003.1","title":"Refer to emergency department.","description":"Refer to emergency department to manage or stabilize.","code":[{"coding":[{"system":"http://hl7.org/fhir/uv/cpg/CodeSystem/cpg-common-process-cs","code":"triage","display":"Triage"}]}]}]},{"id":"004","title":"Criteria for Confirmed CKD","description":"Does patient have evidence of CKD?","code":[{"coding":[{"system":"http://hl7.org/fhir/uv/cpg/CodeSystem/cpg-common-process-cs","code":"determine-diagnosis","display":"Determine Diagnosis"}]}],"condition":[{"kind":"applicability","expression":{"language":"text/cql","expression":"Has evidence of CKD?"}}],"action":[{"id":"004.1","title":"Stages of CKD.","description":"Complete clinical assessment. Determine stage of CKD.","code":[{"coding":[{"system":"http://hl7.org/fhir/uv/cpg/CodeSystem/cpg-common-process-cs","code":"determine-diagnosis","display":"Determine Diagnosis"}]}]},{"id":"004.2","title":"Strategies to Slow Progression.","description":"Establish primary etiology of CKD and treatment plan to slow progression.","code":[{"coding":[{"system":"http://hl7.org/fhir/uv/cpg/CodeSystem/cpg-common-process-cs","code":"guideline-based-care","display":"Guideline-based Care"}]}]}]}]}