{"resourceType":"ValueSet","id":"ckd-valueset-uacr","text":{"status":"generated","div":"<div xmlns=\"http://www.w3.org/1999/xhtml\"><p class=\"res-header-id\"><b>Generated Narrative: ValueSet ckd-valueset-uacr</b></p><a name=\"ckd-valueset-uacr\"> </a><a name=\"hcckd-valueset-uacr\"> </a><a name=\"ckd-valueset-uacr-en-US\"> </a><ul><li>Include these codes as defined in <a href=\"http://loinc.org\"><code>http://loinc.org</code></a><table class=\"none\"><tr><td style=\"white-space:nowrap\"><b>Code</b></td><td><b>Display</b></td></tr><tr><td><a href=\"https://loinc.org/44292-1/\">44292-1</a></td><td style=\"color: #cccccc\">Microalbumin/Creatinine [Mass Ratio] in 12 hour Urine</td></tr><tr><td><a href=\"https://loinc.org/13705-9/\">13705-9</a></td><td style=\"color: #cccccc\">Albumin/Creatinine [Mass Ratio] in 24 hour Urine</td></tr><tr><td><a href=\"https://loinc.org/14958-3/\">14958-3</a></td><td style=\"color: #cccccc\">Microalbumin/Creatinine [Mass Ratio] in 24 hour Urine</td></tr><tr><td><a href=\"https://loinc.org/9318-7/\">9318-7</a></td><td style=\"color: #cccccc\">Albumin/Creatinine [Mass Ratio] in Urine</td></tr><tr><td><a href=\"https://loinc.org/30001-2/\">30001-2</a></td><td style=\"color: #cccccc\">Microalbumin/Creatinine [Ratio] in Urine by Test strip</td></tr></table></li></ul></div>"},"extension":[{"url":"http://hl7.org/fhir/StructureDefinition/cqf-knowledgeCapability","valueCode":"shareable"},{"url":"http://hl7.org/fhir/StructureDefinition/cqf-knowledgeCapability","valueCode":"computable"},{"url":"http://hl7.org/fhir/StructureDefinition/cqf-knowledgeCapability","valueCode":"publishable"},{"url":"http://hl7.org/fhir/StructureDefinition/cqf-knowledgeRepresentationLevel","valueCode":"structured"}],"url":"http://cqframework.org/cpg-example-ckd/ValueSet/ckd-valueset-uacr","version":"1.0.0","name":"UacrLabResults","title":"UACR Lab Results ValueSet","status":"active","experimental":true,"date":"2024-11-18T18:20:09+00:00","publisher":"HL7 International - Clinical Decision Support WG","contact":[{"name":"HL7 International - Clinical Decision Support WG","telecom":[{"system":"url","value":"http://www.hl7.org/Special/committees/dss/index.cfm"}]}],"description":"UACR Lab Results","jurisdiction":[{"coding":[{"system":"http://unstats.un.org/unsd/methods/m49/m49.htm","code":"001","display":"World"}]}],"copyright":"This material contains content from LOINC (http://loinc.org). LOINC is copyright © 1995-2020, Regenstrief Institute, Inc. and the Logical Observation Identifiers Names and Codes (LOINC) Committee and is available at no cost under the license at http://loinc.org/license. LOINC® is a registered United States trademark of Regenstrief Institute, Inc","compose":{"include":[{"system":"http://loinc.org","concept":[{"code":"44292-1"},{"code":"13705-9"},{"code":"14958-3"},{"code":"9318-7"},{"code":"30001-2"}]}]}}