{
  "resourceType" : "ActivityDefinition",
  "id" : "cc-cpg-activity-referral-nephrology",
  "meta" : {
    "profile" : ["http://hl7.org/fhir/uv/cpg/StructureDefinition/cpg-computableactivity"]
  },
  "text" : {
    "status" : "extensions",
    "div" : "<div xmlns=\"http://www.w3.org/1999/xhtml\"><p class=\"res-header-id\"><b>Generated Narrative: ActivityDefinition cc-cpg-activity-referral-nephrology</b></p><a name=\"cc-cpg-activity-referral-nephrology\"> </a><a name=\"hccc-cpg-activity-referral-nephrology\"> </a><a name=\"cc-cpg-activity-referral-nephrology-en-US\"> </a><p><b>CQF Knowledge capability</b>: shareable</p><p><b>CQF Knowledge capability</b>: computable</p><p><b>CQF Knowledge capability</b>: publishable</p><p><b>CQF knowledge representation level</b>: structured</p><p><b>url</b>: <a href=\"ActivityDefinition-cc-cpg-activity-referral-nephrology.html\">ActivityDefinition Referral: Nephrology; History: [add diagnosis, symptom(s)]; Question: [add reason for referral]</a></p><p><b>version</b>: 1.0.0</p><p><b>name</b>: ReferralNephrology</p><p><b>title</b>: Referral: Nephrology; History: [add diagnosis, symptom(s)]; Question: [add reason for referral]</p><p><b>status</b>: Active</p><p><b>experimental</b>: true</p><p><b>date</b>: 2024-11-18 18:20:09+0000</p><p><b>publisher</b>: HL7 International - Clinical Decision Support WG</p><p><b>contact</b>: HL7 International - Clinical Decision Support WG: <a href=\"http://www.hl7.org/Special/committees/dss/index.cfm\">http://www.hl7.org/Special/committees/dss/index.cfm</a></p><p><b>description</b>: </p><div><p>Referral: Nephrology; History: [add diagnosis, symptom(s)]; Question: [add reason for referral]</p>\n</div><p><b>jurisdiction</b>: <span title=\"Codes:{http://unstats.un.org/unsd/methods/m49/m49.htm 001}\">World</span></p><blockquote><p><b>relatedArtifact</b></p><p><b>type</b>: Justification</p><p><b>display</b>: Refer to nephrologist for co-management of treatment plan in cases of:\n\n\n\tUnclear etiology of kidney disease\n\n\n\n\tRapid progression of disease (GFR decline greater than 5 mL/minute/1.73 m&amp;sup2;/year)\n\n\n\n\tAcute kidney injury or abrupt sustained fall in GFR\n\n\n\n\tGFR less than 30 mL/minute/1.73 m&amp;sup2; (GFR categories G4-G5) to prepare for renal replacement therapy\n\n\n\n\tConsistent finding of significant albuminuria (albumin/creatinine ratio of 300 mg/g or more)\n\n\n\n\tHypertension resistant to treatment with 4 or more antihypertensive agents\n\n\n\n\tDifficulty in decreasing the level of albuminuria despite institution of ACE inhibitor or angiotensin II receptor blocker therapy\n\n\n\n\tPersistent electrolyte abnormalities, including hyperkalemia or high serum phosphate\n\n\n\n\tRecurrent or extensive nephrolithiasis\n\n\n\n\tHereditary kidney disease\n\n\n&amp;nbsp;\n\nNephrologist involvement is recommended when the cause of chronic kidney disease is not clear\n\n\n\tRenal biopsy may be performed to determine the cause as well as to predict disease progression and response to therapy</p><p><b>citation</b>: </p><div><p>Chronic Kidney Disease Clinical Overview. ClinicalKey. Source</p>\n</div><p><b>url</b>: <a href=\"http://himss19.ordersetsmanager.com/evidenceviewer/#/7CBBBE9B75E10232E05352E3610A5325/7CBBBE9B75DA0232E05352E3610A5325\">http://himss19.ordersetsmanager.com/evidenceviewer/#/7CBBBE9B75E10232E05352E3610A5325/7CBBBE9B75DA0232E05352E3610A5325</a></p><h3>Documents</h3><table class=\"grid\"><tr><td style=\"display: none\">-</td><td><b>Url</b></td></tr><tr><td style=\"display: none\">*</td><td><a href=\"http://himss19.ordersetsmanager.com/evidenceviewer/#/7CBBBE9B75E10232E05352E3610A5325/7CBBBE9B75DA0232E05352E3610A5325\">http://himss19.ordersetsmanager.com/evidenceviewer/#/7CBBBE9B75E10232E05352E3610A5325/7CBBBE9B75DA0232E05352E3610A5325</a></td></tr></table></blockquote><p><b>kind</b>: ServiceRequest</p><p><b>code</b>: <span title=\"Codes:{http://snomed.info/sct 306286007}\">Referral to nephrologist</span></p><p><b>timing</b>: Events: ?? </p><h3>Participants</h3><table class=\"grid\"><tr><td style=\"display: none\">-</td><td><b>Type</b></td></tr><tr><td style=\"display: none\">*</td><td>Practitioner</td></tr></table></div>"
  },
  "extension" : [{
    "url" : "http://hl7.org/fhir/StructureDefinition/cqf-knowledgeCapability",
    "valueCode" : "shareable"
  },
  {
    "url" : "http://hl7.org/fhir/StructureDefinition/cqf-knowledgeCapability",
    "valueCode" : "computable"
  },
  {
    "url" : "http://hl7.org/fhir/StructureDefinition/cqf-knowledgeCapability",
    "valueCode" : "publishable"
  },
  {
    "url" : "http://hl7.org/fhir/StructureDefinition/cqf-knowledgeRepresentationLevel",
    "valueCode" : "structured"
  }],
  "url" : "http://cqframework.org/cpg-example-ckd/ActivityDefinition/cc-cpg-activity-referral-nephrology",
  "version" : "1.0.0",
  "name" : "ReferralNephrology",
  "title" : "Referral: Nephrology; History: [add diagnosis, symptom(s)]; Question: [add reason for referral]",
  "status" : "active",
  "experimental" : true,
  "date" : "2024-11-18T18:20:09+00:00",
  "publisher" : "HL7 International - Clinical Decision Support WG",
  "contact" : [{
    "name" : "HL7 International - Clinical Decision Support WG",
    "telecom" : [{
      "system" : "url",
      "value" : "http://www.hl7.org/Special/committees/dss/index.cfm"
    }]
  }],
  "description" : "Referral: Nephrology; History: [add diagnosis, symptom(s)]; Question: [add reason for referral]",
  "jurisdiction" : [{
    "coding" : [{
      "system" : "http://unstats.un.org/unsd/methods/m49/m49.htm",
      "code" : "001",
      "display" : "World"
    }]
  }],
  "relatedArtifact" : [{
    "type" : "justification",
    "display" : "Refer to nephrologist for co-management of treatment plan in cases of:\n\n\n\tUnclear etiology of kidney disease\n\n\n\n\tRapid progression of disease (GFR decline greater than 5 mL/minute/1.73 m&sup2;/year)\n\n\n\n\tAcute kidney injury or abrupt sustained fall in GFR\n\n\n\n\tGFR less than 30 mL/minute/1.73 m&sup2; (GFR categories G4-G5) to prepare for renal replacement therapy\n\n\n\n\tConsistent finding of significant albuminuria (albumin/creatinine ratio of 300 mg/g or more)\n\n\n\n\tHypertension resistant to treatment with 4 or more antihypertensive agents\n\n\n\n\tDifficulty in decreasing the level of albuminuria despite institution of ACE inhibitor or angiotensin II receptor blocker therapy\n\n\n\n\tPersistent electrolyte abnormalities, including hyperkalemia or high serum phosphate\n\n\n\n\tRecurrent or extensive nephrolithiasis\n\n\n\n\tHereditary kidney disease\n\n\n&nbsp;\n\nNephrologist involvement is recommended when the cause of chronic kidney disease is not clear\n\n\n\tRenal biopsy may be performed to determine the cause as well as to predict disease progression and response to therapy",
    "citation" : "Chronic Kidney Disease Clinical Overview. ClinicalKey. Source",
    "url" : "http://himss19.ordersetsmanager.com/evidenceviewer/#/7CBBBE9B75E10232E05352E3610A5325/7CBBBE9B75DA0232E05352E3610A5325",
    "document" : {
      "url" : "http://himss19.ordersetsmanager.com/evidenceviewer/#/7CBBBE9B75E10232E05352E3610A5325/7CBBBE9B75DA0232E05352E3610A5325"
    }
  }],
  "kind" : "ServiceRequest",
  "code" : {
    "coding" : [{
      "system" : "http://snomed.info/sct",
      "code" : "306286007",
      "display" : "Referral to nephrologist (procedure)"
    }],
    "text" : "Referral to nephrologist"
  },
  "timingTiming" : {
    "_event" : [{
      "extension" : [{
        "url" : "http://hl7.org/fhir/StructureDefinition/cqf-expression",
        "valueExpression" : {
          "language" : "text/cql",
          "expression" : "Now()"
        }
      }]
    }]
  },
  "participant" : [{
    "type" : "practitioner"
  }]
}